Subject,RT,Choice,Accuracy,Target,PrimeType,PrimeDuration,FoilContrast,TargetContrast,PP,Angle,BlockType
5,4.998140e+00,2,0,1,0,100,5.000000e-02,2.500000e-01,76,55,-1
5,1.581801e+00,1,1,1,0,100,5.000000e-02,2.500000e-01,76,50,-1
5,2.365174e+00,1,1,1,0,100,5.000000e-02,2.500000e-01,76,35,-1
5,1.082129e+00,0,1,0,0,100,5.000000e-02,2.500000e-01,76,40,-1
5,1.831943e+00,1,1,1,0,100,5.000000e-02,2.500000e-01,76,55,-1
5,1.749048e+00,0,1,0,0,100,5.000000e-02,2.500000e-01,76,50,-1
5,2.432263e+00,0,1,0,0,100,5.000000e-02,2.500000e-01,76,35,-1
5,3.448847e+00,1,0,0,0,100,5.000000e-02,2.500000e-01,76,40,-1
5,1.333353e+00,1,1,1,0,100,5.000000e-02,2.500000e-01,76,50,-1
5,1.300333e+00,0,1,0,0,100,5.000000e-02,2.500000e-01,76,55,-1
5,9.169939e-01,0,1,0,0,100,5.000000e-02,2.500000e-01,76,40,-1
5,2.350211e+00,1,1,1,0,100,5.000000e-02,2.500000e-01,76,55,-1
5,2.133652e+00,1,1,1,0,100,5.000000e-02,2.500000e-01,76,35,-1
5,1.066853e+00,1,1,1,0,100,5.000000e-02,2.500000e-01,76,50,-1
5,5.004064e-01,1,1,1,0,100,5.000000e-02,2.500000e-01,76,35,-1
5,2.266943e+00,1,1,1,0,100,5.000000e-02,2.500000e-01,76,35,-1
5,2.000233e+00,0,1,0,0,100,5.000000e-02,2.500000e-01,76,40,-1
5,1.917107e+00,1,1,1,0,100,5.000000e-02,2.500000e-01,76,50,-1
5,0,0,0,0,0,0,0,0,0,0,0
5,1.017006e+00,0,1,0,0,100,5.000000e-02,1.000000e-01,76,55,0
5,6.503709e-01,0,1,0,0,100,5.000000e-02,1.000000e-01,76,55,0
5,5.503690e-01,1,1,1,0,100,5.000000e-02,1.000000e-01,76,55,0
5,6.005423e-01,0,1,0,0,100,5.000000e-02,1.000000e-01,76,40,0
5,9.170398e-01,0,1,0,0,100,5.000000e-02,1.000000e-01,76,35,0
5,5.670590e-01,0,1,0,0,100,5.000000e-02,1.000000e-01,76,55,0
5,7.003977e-01,1,1,1,0,100,5.000000e-02,1.000000e-01,76,50,0
5,7.170041e-01,1,1,1,0,100,5.000000e-02,1.000000e-01,76,55,0
5,6.172891e-01,1,1,1,0,100,5.000000e-02,1.000000e-01,76,55,0
5,7.003449e-01,1,1,1,0,100,5.000000e-02,1.000000e-01,76,45,0
5,6.502803e-01,1,1,1,0,100,5.000000e-02,1.000000e-01,76,50,0
5,5.502329e-01,0,1,0,0,100,5.000000e-02,1.000000e-01,76,40,0
5,5.835405e-01,0,1,0,0,100,5.000000e-02,1.000000e-01,76,35,0
5,6.336561e-01,1,1,1,0,100,5.000000e-02,1.000000e-01,76,45,0
5,4.837255e-01,0,1,0,0,100,5.000000e-02,1.000000e-01,76,35,0
5,1.117013e+00,1,1,1,0,100,5.000000e-02,1.000000e-01,76,50,0
5,9.004108e-01,1,1,1,0,100,5.000000e-02,1.000000e-01,76,55,0
5,4.670958e-01,1,1,1,0,100,5.000000e-02,1.000000e-01,76,50,0
5,5.003871e-01,1,0,0,0,100,5.000000e-02,1.000000e-01,76,35,0
5,7.170503e-01,0,1,0,0,100,5.000000e-02,1.000000e-01,76,55,0
5,7.169936e-01,1,0,0,0,100,5.000000e-02,7.500000e-02,76,40,0
5,6.669975e-01,1,1,1,0,100,5.000000e-02,7.500000e-02,76,45,0
5,6.837337e-01,0,1,0,0,100,5.000000e-02,7.500000e-02,76,50,0
5,5.667838e-01,1,1,1,0,100,5.000000e-02,7.500000e-02,76,55,0
5,8.671008e-01,0,1,0,0,100,5.000000e-02,7.500000e-02,76,55,0
5,5.670759e-01,0,1,0,0,100,5.000000e-02,7.500000e-02,76,50,0
5,8.003730e-01,0,1,0,0,100,5.000000e-02,7.500000e-02,76,40,0
5,7.003377e-01,1,1,1,0,100,5.000000e-02,7.500000e-02,76,35,0
5,7.171605e-01,1,1,1,0,100,5.000000e-02,7.500000e-02,76,50,0
5,5.670119e-01,0,1,0,0,100,5.000000e-02,7.500000e-02,76,55,0
5,5.670512e-01,1,1,1,0,100,5.000000e-02,7.500000e-02,76,50,0
5,7.670150e-01,0,1,0,0,100,5.000000e-02,7.500000e-02,76,50,0
5,8.836915e-01,1,1,1,0,100,5.000000e-02,7.500000e-02,76,40,0
5,7.336866e-01,0,1,0,0,100,5.000000e-02,7.500000e-02,76,55,0
5,6.003730e-01,1,1,1,0,100,5.000000e-02,7.500000e-02,76,45,0
5,5.503847e-01,1,1,1,0,100,5.000000e-02,7.500000e-02,76,55,0
5,6.670385e-01,0,1,0,0,100,5.000000e-02,7.500000e-02,76,40,0
5,5.004442e-01,1,1,1,0,100,5.000000e-02,7.500000e-02,76,50,0
5,5.670141e-01,1,1,1,0,100,5.000000e-02,7.500000e-02,76,35,0
5,1.900290e+00,0,1,0,0,100,5.000000e-02,7.500000e-02,76,40,0
5,9.336674e-01,1,1,1,0,100,5.000000e-02,6.250000e-02,76,35,0
5,7.503709e-01,1,1,1,0,100,5.000000e-02,6.250000e-02,76,55,0
5,1.017027e+00,1,1,1,0,100,5.000000e-02,6.250000e-02,76,45,0
5,7.499821e-01,0,1,0,0,100,5.000000e-02,6.250000e-02,76,50,0
5,7.836679e-01,0,1,0,0,100,5.000000e-02,6.250000e-02,76,35,0
5,5.503443e-01,1,1,1,0,100,5.000000e-02,6.250000e-02,76,45,0
5,6.336914e-01,0,1,0,0,100,5.000000e-02,6.250000e-02,76,45,0
5,4.837110e-01,1,1,1,0,100,5.000000e-02,6.250000e-02,76,40,0
5,6.503884e-01,0,1,0,0,100,5.000000e-02,6.250000e-02,76,40,0
5,7.837343e-01,1,1,1,0,100,5.000000e-02,6.250000e-02,76,35,0
5,1.450316e+00,1,0,0,0,100,5.000000e-02,6.250000e-02,76,50,0
5,1.316945e+00,1,0,0,0,100,5.000000e-02,6.250000e-02,76,50,0
5,8.336610e-01,0,0,1,0,100,5.000000e-02,6.250000e-02,76,55,0
5,1.083685e+00,1,1,1,0,100,5.000000e-02,6.250000e-02,76,35,0
5,6.170633e-01,1,0,0,0,100,5.000000e-02,6.250000e-02,76,40,0
5,3.000203e+00,1,0,0,0,100,5.000000e-02,6.250000e-02,76,40,0
5,1.033606e+00,1,0,0,0,100,5.000000e-02,6.250000e-02,76,45,0
5,1.850228e+00,0,1,0,0,100,5.000000e-02,6.250000e-02,76,40,0
5,6.836803e-01,1,1,1,0,100,5.000000e-02,6.250000e-02,76,35,0
5,1.650325e+00,0,0,1,0,100,5.000000e-02,6.250000e-02,76,35,0
5,7.003543e-01,0,0,1,0,100,5.000000e-02,5.625000e-02,76,50,0
5,6.170265e-01,1,0,0,0,100,5.000000e-02,5.625000e-02,76,35,0
5,1.467010e+00,1,1,1,0,100,5.000000e-02,5.625000e-02,76,55,0
5,1.300311e+00,0,0,1,0,100,5.000000e-02,5.625000e-02,76,35,0
5,7.670506e-01,1,0,0,0,100,5.000000e-02,5.625000e-02,76,45,0
5,8.670211e-01,0,1,0,0,100,5.000000e-02,5.625000e-02,76,40,0
5,7.836685e-01,1,0,0,0,100,5.000000e-02,5.625000e-02,76,40,0
5,1.067000e+00,0,0,1,0,100,5.000000e-02,5.625000e-02,76,40,0
5,1.450334e+00,1,0,0,0,100,5.000000e-02,5.625000e-02,76,50,0
5,1.083680e+00,1,1,1,0,100,5.000000e-02,5.625000e-02,76,55,0
5,1.583630e+00,0,1,0,0,100,5.000000e-02,5.625000e-02,76,40,0
5,7.669396e-01,1,1,1,0,100,5.000000e-02,5.625000e-02,76,45,0
5,6.003947e-01,0,1,0,0,100,5.000000e-02,5.625000e-02,76,55,0
5,9.005288e-01,0,1,0,0,100,5.000000e-02,5.625000e-02,76,45,0
5,7.003745e-01,1,0,0,0,100,5.000000e-02,5.625000e-02,76,50,0
5,9.503157e-01,1,0,0,0,100,5.000000e-02,5.625000e-02,76,40,0
5,8.336027e-01,0,0,1,0,100,5.000000e-02,5.625000e-02,76,55,0
5,7.670983e-01,1,1,1,0,100,5.000000e-02,5.625000e-02,76,35,0
5,7.836842e-01,1,1,1,0,100,5.000000e-02,5.625000e-02,76,35,0
5,8.336779e-01,1,1,1,0,100,5.000000e-02,5.625000e-02,76,35,0
5,1.833570e+00,0,1,0,0,500,5.000000e-02,1.000000e-01,76,40,1
5,1.166994e+00,0,1,0,0,1000,5.000000e-02,1.000000e-01,76,45,1
5,7.670709e-01,0,1,0,0,50,5.000000e-02,1.000000e-01,76,45,1
5,7.170207e-01,1,1,1,0,500,5.000000e-02,1.000000e-01,76,50,1
5,5.504741e-01,1,1,1,0,100,5.000000e-02,1.000000e-01,76,50,1
5,4.837397e-01,0,1,0,0,1000,5.000000e-02,1.000000e-01,76,45,1
5,4.838686e-01,0,1,0,0,50,5.000000e-02,1.000000e-01,76,55,1
5,4.337403e-01,1,1,1,0,100,5.000000e-02,1.000000e-01,76,45,1
5,4.670874e-01,0,1,0,0,500,5.000000e-02,1.000000e-01,76,55,1
5,5.837234e-01,1,1,1,0,1000,5.000000e-02,1.000000e-01,76,50,1
5,7.337234e-01,1,0,0,0,100,5.000000e-02,6.065307e-02,76,40,1
5,5.836974e-01,0,1,0,0,100,5.000000e-02,6.065307e-02,76,50,1
5,5.004191e-01,1,1,1,0,500,5.000000e-02,6.065307e-02,76,35,1
5,6.837277e-01,1,1,1,0,1000,5.000000e-02,6.065307e-02,76,35,1
5,8.503818e-01,1,1,1,0,1000,5.000000e-02,6.065307e-02,76,55,1
5,6.336724e-01,1,0,0,0,500,5.000000e-02,6.065307e-02,76,40,1
5,5.837810e-01,0,1,0,0,500,5.000000e-02,6.065307e-02,76,40,1
5,5.836567e-01,1,1,1,0,50,5.000000e-02,6.065307e-02,76,40,1
5,7.336422e-01,1,1,1,0,100,5.000000e-02,6.065307e-02,76,40,1
5,6.336495e-01,1,0,0,0,50,5.000000e-02,6.065307e-02,76,50,1
5,8.503374e-01,1,1,1,0,1000,5.000000e-02,6.065307e-02,76,40,1
5,1.000326e+00,1,0,0,0,1000,5.000000e-02,6.065307e-02,76,45,1
5,1.466988e+00,1,1,1,0,50,5.000000e-02,6.065307e-02,76,45,1
5,1.050293e+00,0,1,0,0,50,5.000000e-02,6.065307e-02,76,55,1
5,7.503552e-01,1,1,1,0,500,5.000000e-02,6.065307e-02,76,40,1
5,8.169160e-01,0,1,0,0,50,5.000000e-02,6.065307e-02,76,45,1
5,7.337105e-01,1,1,1,0,500,5.000000e-02,6.065307e-02,76,55,1
5,6.670551e-01,1,1,1,0,1000,5.000000e-02,6.065307e-02,76,50,1
5,7.670485e-01,1,1,1,0,500,5.000000e-02,6.065307e-02,76,40,1
5,1.033724e+00,0,1,0,0,1000,5.000000e-02,6.065307e-02,76,50,1
5,9.670154e-01,0,1,0,0,100,5.000000e-02,6.065307e-02,76,35,1
5,9.669698e-01,1,0,0,0,50,5.000000e-02,6.065307e-02,76,45,1
5,8.670845e-01,0,1,0,0,50,5.000000e-02,6.065307e-02,76,50,1
5,6.170705e-01,1,0,0,0,500,5.000000e-02,6.065307e-02,76,35,1
5,1.167040e+00,0,1,0,0,500,5.000000e-02,6.065307e-02,76,40,1
5,9.167953e-01,1,1,1,0,50,5.000000e-02,6.065307e-02,76,50,1
5,1.133665e+00,0,0,1,0,100,5.000000e-02,6.065307e-02,76,55,1
5,1.367042e+00,1,0,0,0,1000,5.000000e-02,6.065307e-02,76,35,1
5,9.170441e-01,0,1,0,0,1000,5.000000e-02,6.065307e-02,76,35,1
5,1.383605e+00,0,1,0,0,50,5.000000e-02,6.065307e-02,76,35,1
5,5.337533e-01,1,1,1,0,100,5.000000e-02,8.751733e-02,76,40,1
5,6.669730e-01,0,1,0,0,100,5.000000e-02,8.751733e-02,76,50,1
5,6.003458e-01,0,1,0,0,50,5.000000e-02,8.751733e-02,76,40,1
5,6.003536e-01,1,1,1,0,100,5.000000e-02,8.751733e-02,76,50,1
5,5.337173e-01,0,1,0,0,100,5.000000e-02,8.751733e-02,76,50,1
5,7.837986e-01,0,1,0,0,1000,5.000000e-02,8.751733e-02,76,35,1
5,5.670542e-01,1,1,1,0,50,5.000000e-02,8.751733e-02,76,35,1
5,9.337455e-01,0,0,1,0,500,5.000000e-02,8.751733e-02,76,35,1
5,6.837467e-01,0,1,0,0,1000,5.000000e-02,8.751733e-02,76,35,1
5,6.003075e-01,1,1,1,0,500,5.000000e-02,8.751733e-02,76,35,1
5,6.503829e-01,0,1,0,0,50,5.000000e-02,8.751733e-02,76,35,1
5,5.504442e-01,0,1,0,0,1000,5.000000e-02,8.751733e-02,76,55,1
5,6.004031e-01,1,1,1,0,1000,5.000000e-02,8.751733e-02,76,45,1
5,5.170919e-01,1,1,1,0,1000,5.000000e-02,8.751733e-02,76,40,1
5,4.170234e-01,1,1,1,0,50,5.000000e-02,8.751733e-02,76,40,1
5,5.504747e-01,1,1,1,0,100,5.000000e-02,8.751733e-02,76,55,1
5,5.004276e-01,1,1,1,0,1000,5.000000e-02,8.751733e-02,76,55,1
5,4.837656e-01,0,1,0,0,500,5.000000e-02,8.751733e-02,76,50,1
5,4.504272e-01,1,1,1,0,50,5.000000e-02,8.751733e-02,76,55,1
5,7.503069e-01,0,1,0,0,100,5.000000e-02,8.751733e-02,76,50,1
5,5.003835e-01,1,1,1,0,1000,5.000000e-02,6.629133e-02,76,55,1
5,5.170614e-01,0,1,0,0,50,5.000000e-02,6.629133e-02,76,40,1
5,5.670542e-01,1,1,1,0,500,5.000000e-02,6.629133e-02,76,45,1
5,1.217015e+00,1,1,1,0,1000,5.000000e-02,6.629133e-02,76,45,1
5,5.170457e-01,0,1,0,0,1000,5.000000e-02,6.629133e-02,76,40,1
5,6.172368e-01,1,1,1,0,500,5.000000e-02,6.629133e-02,76,40,1
5,6.003588e-01,0,1,0,0,500,5.000000e-02,6.629133e-02,76,35,1
5,7.837213e-01,0,1,0,0,1000,5.000000e-02,6.629133e-02,76,50,1
5,6.170591e-01,0,1,0,0,500,5.000000e-02,6.629133e-02,76,45,1
5,9.504026e-01,0,0,1,0,1000,5.000000e-02,6.629133e-02,76,50,1
5,8.500123e-01,0,0,1,0,100,5.000000e-02,6.629133e-02,76,50,1
5,7.505535e-01,0,0,1,0,50,5.000000e-02,6.629133e-02,76,35,1
5,5.167379e-01,1,1,1,0,50,5.000000e-02,6.629133e-02,76,40,1
5,6.837539e-01,1,1,1,0,50,5.000000e-02,6.629133e-02,76,45,1
5,9.503652e-01,0,1,0,0,500,5.000000e-02,6.629133e-02,76,50,1
5,8.170259e-01,0,1,0,0,100,5.000000e-02,6.629133e-02,76,40,1
5,6.670603e-01,0,1,0,0,1000,5.000000e-02,6.629133e-02,76,40,1
5,5.503349e-01,0,1,0,0,100,5.000000e-02,6.629133e-02,76,40,1
5,7.170271e-01,0,1,0,0,100,5.000000e-02,6.629133e-02,76,50,1
5,1.000378e+00,0,0,1,0,100,5.000000e-02,6.629133e-02,76,55,1
5,7.173673e-01,0,0,1,2,67,5.000000e-02,6.629133e-02,76,50,2
5,6.170198e-01,0,1,0,2,67,5.000000e-02,6.629133e-02,76,50,2
5,4.338471e-01,1,1,1,0,67,5.000000e-02,6.629133e-02,76,55,2
5,5.173301e-01,0,1,0,1,67,5.000000e-02,6.629133e-02,76,40,2
5,1.367069e+00,1,0,0,0,34,5.000000e-02,6.629133e-02,76,50,2
5,6.003340e-01,1,1,1,1,134,5.000000e-02,6.629133e-02,76,35,2
5,5.337213e-01,0,1,0,0,268,5.000000e-02,6.629133e-02,76,50,2
5,1.150329e+00,1,0,0,0,134,5.000000e-02,6.629133e-02,76,35,2
5,6.004563e-01,1,1,1,1,34,5.000000e-02,6.629133e-02,76,55,2
5,5.503642e-01,1,1,1,2,34,5.000000e-02,6.629133e-02,76,50,2
5,5.336742e-01,0,1,0,0,67,5.000000e-02,6.629133e-02,76,40,2
5,5.003850e-01,1,1,1,1,34,5.000000e-02,6.629133e-02,76,45,2
5,5.837385e-01,1,1,1,2,17,5.000000e-02,6.629133e-02,76,50,2
5,7.170310e-01,1,1,1,2,268,5.000000e-02,6.629133e-02,76,50,2
5,5.670560e-01,1,1,1,0,134,5.000000e-02,6.629133e-02,76,55,2
5,7.835330e-01,0,1,0,1,134,5.000000e-02,6.629133e-02,76,40,2
5,7.336607e-01,1,1,1,1,134,5.000000e-02,6.629133e-02,76,40,2
5,8.169637e-01,1,1,1,0,17,5.000000e-02,6.629133e-02,76,55,2
5,1.383693e+00,1,0,0,2,34,5.000000e-02,6.629133e-02,76,35,2
5,8.170316e-01,0,1,0,0,34,5.000000e-02,6.629133e-02,76,55,2
5,6.335296e-01,0,1,0,0,134,5.000000e-02,6.629133e-02,76,55,2
5,4.836032e-01,1,1,1,0,17,5.000000e-02,6.629133e-02,76,45,2
5,5.336304e-01,0,1,0,1,17,5.000000e-02,6.629133e-02,76,40,2
5,6.670440e-01,0,1,0,0,67,5.000000e-02,6.629133e-02,76,35,2
5,7.003168e-01,1,1,1,1,34,5.000000e-02,6.629133e-02,76,45,2
5,8.670009e-01,0,1,0,0,17,5.000000e-02,6.629133e-02,76,35,2
5,8.170344e-01,0,1,0,2,134,5.000000e-02,6.629133e-02,76,55,2
5,6.670488e-01,1,1,1,2,268,5.000000e-02,6.629133e-02,76,55,2
5,5.004073e-01,0,1,0,0,134,5.000000e-02,6.629133e-02,76,50,2
5,6.337421e-01,0,1,0,1,134,5.000000e-02,6.629133e-02,76,55,2
5,7.504002e-01,0,1,0,1,67,5.000000e-02,6.629133e-02,76,40,2
5,5.336869e-01,0,1,0,0,268,5.000000e-02,6.629133e-02,76,35,2
5,8.836046e-01,0,0,1,1,17,5.000000e-02,6.629133e-02,76,50,2
5,6.170479e-01,0,1,0,0,67,5.000000e-02,6.629133e-02,76,45,2
5,7.000829e-01,1,0,0,0,67,5.000000e-02,6.629133e-02,76,40,2
5,1.133500e+00,0,0,1,0,34,5.000000e-02,6.629133e-02,76,45,2
5,5.835248e-01,1,1,1,1,34,5.000000e-02,6.629133e-02,76,35,2
5,1.116954e+00,0,1,0,2,268,5.000000e-02,6.629133e-02,76,50,2
5,6.002190e-01,1,1,1,0,134,5.000000e-02,6.629133e-02,76,35,2
5,7.503455e-01,0,1,0,2,34,5.000000e-02,6.629133e-02,76,55,2
5,5.337309e-01,1,1,1,0,34,5.000000e-02,6.629133e-02,76,35,2
5,7.337998e-01,0,1,0,1,134,5.000000e-02,6.629133e-02,76,55,2
5,1.400319e+00,0,1,0,0,34,5.000000e-02,6.629133e-02,76,50,2
5,6.336757e-01,0,1,0,1,17,5.000000e-02,6.629133e-02,76,35,2
5,9.003842e-01,0,1,0,0,268,5.000000e-02,6.629133e-02,76,35,2
5,5.003566e-01,1,1,1,1,67,5.000000e-02,6.629133e-02,76,35,2
5,5.000126e+00,2,0,0,1,268,5.000000e-02,6.629133e-02,76,35,2
5,7.335140e-01,0,1,0,0,34,5.000000e-02,6.629133e-02,76,45,2
5,7.170207e-01,0,0,1,1,67,5.000000e-02,6.629133e-02,76,50,2
5,5.336923e-01,1,1,1,0,67,5.000000e-02,6.629133e-02,76,40,2
5,6.336576e-01,1,0,0,1,268,5.000000e-02,6.629133e-02,76,35,2
5,8.503386e-01,0,0,1,2,34,5.000000e-02,6.629133e-02,76,45,2
5,5.171152e-01,1,1,1,0,134,5.000000e-02,6.629133e-02,76,40,2
5,7.502981e-01,0,1,0,0,34,5.000000e-02,6.629133e-02,76,55,2
5,4.669896e-01,1,1,1,1,17,5.000000e-02,6.629133e-02,76,45,2
5,5.503548e-01,0,1,0,2,268,5.000000e-02,6.629133e-02,76,50,2
5,4.004209e-01,1,0,0,0,268,5.000000e-02,6.629133e-02,76,50,2
5,6.169993e-01,0,1,0,1,17,5.000000e-02,6.629133e-02,76,55,2
5,5.171909e-01,1,0,0,1,134,5.000000e-02,6.629133e-02,76,40,2
5,6.503564e-01,1,1,1,0,34,5.000000e-02,6.629133e-02,76,40,2
5,1.050487e+00,1,1,1,0,268,5.000000e-02,6.629133e-02,76,40,2
5,5.670548e-01,1,0,0,2,134,5.000000e-02,6.629133e-02,76,50,2
5,5.002848e-01,0,1,0,2,17,5.000000e-02,6.629133e-02,76,45,2
5,5.167855e-01,0,1,0,2,134,5.000000e-02,6.629133e-02,76,55,2
5,1.017102e+00,0,0,1,0,17,5.000000e-02,6.629133e-02,76,40,2
5,7.336438e-01,0,1,0,1,134,5.000000e-02,6.629133e-02,76,55,2
5,8.337582e-01,1,0,0,0,67,5.000000e-02,6.629133e-02,76,35,2
5,8.004304e-01,1,1,1,1,268,5.000000e-02,6.629133e-02,76,50,2
5,7.669915e-01,1,0,0,0,134,5.000000e-02,6.629133e-02,76,55,2
5,7.170087e-01,1,1,1,2,268,5.000000e-02,6.629133e-02,76,40,2
5,5.670412e-01,1,1,1,0,134,5.000000e-02,6.629133e-02,76,35,2
5,7.503854e-01,1,1,1,2,67,5.000000e-02,6.629133e-02,76,40,2
5,6.503362e-01,1,1,1,2,17,5.000000e-02,6.629133e-02,76,40,2
5,6.670407e-01,1,0,0,2,134,5.000000e-02,6.629133e-02,76,50,2
5,9.670115e-01,0,0,1,1,34,5.000000e-02,6.629133e-02,76,35,2
5,5.670313e-01,0,0,1,1,17,5.000000e-02,5.998287e-02,76,35,2
5,6.337337e-01,0,1,0,1,134,5.000000e-02,5.998287e-02,76,45,2
5,5.004116e-01,1,0,0,1,34,5.000000e-02,5.998287e-02,76,50,2
5,7.003555e-01,1,1,1,1,17,5.000000e-02,5.998287e-02,76,40,2
5,5.003953e-01,0,1,0,0,34,5.000000e-02,5.998287e-02,76,40,2
5,1.050338e+00,0,1,0,1,268,5.000000e-02,5.998287e-02,76,55,2
5,4.170952e-01,1,1,1,2,268,5.000000e-02,5.998287e-02,76,40,2
5,9.000274e-01,0,1,0,1,134,5.000000e-02,5.998287e-02,76,55,2
5,3.836693e-01,1,1,1,1,67,5.000000e-02,5.998287e-02,76,45,2
5,4.003771e-01,0,1,0,2,17,5.000000e-02,5.998287e-02,76,55,2
5,5.670630e-01,0,1,0,1,268,5.000000e-02,5.998287e-02,76,55,2
5,4.003590e-01,1,1,1,1,17,5.000000e-02,5.998287e-02,76,35,2
5,4.670617e-01,1,0,0,0,268,5.000000e-02,5.998287e-02,76,35,2
5,5.336075e-01,1,0,0,0,34,5.000000e-02,5.998287e-02,76,35,2
5,6.503289e-01,1,1,1,0,67,5.000000e-02,5.998287e-02,76,45,2
5,6.003515e-01,0,1,0,0,17,5.000000e-02,5.998287e-02,76,35,2
5,5.502914e-01,1,0,0,1,134,5.000000e-02,5.998287e-02,76,45,2
5,1.033601e+00,0,1,0,2,34,5.000000e-02,5.998287e-02,76,45,2
5,5.669926e-01,0,0,1,1,67,5.000000e-02,5.998287e-02,76,50,2
5,7.503024e-01,1,1,1,1,17,5.000000e-02,5.998287e-02,76,50,2
5,7.003944e-01,1,1,1,1,134,5.000000e-02,5.998287e-02,76,50,2
5,5.671028e-01,1,1,1,1,67,5.000000e-02,5.998287e-02,76,40,2
5,7.003175e-01,1,1,1,2,17,5.000000e-02,5.998287e-02,76,45,2
5,1.400301e+00,1,0,0,1,67,5.000000e-02,5.998287e-02,76,50,2
5,1.017025e+00,1,0,0,1,34,5.000000e-02,5.998287e-02,76,40,2
5,1.367403e+00,0,1,0,0,17,5.000000e-02,5.998287e-02,76,55,2
5,6.503211e-01,0,1,0,1,268,5.000000e-02,5.998287e-02,76,45,2
5,5.337010e-01,0,1,0,1,34,5.000000e-02,5.998287e-02,76,50,2
5,5.337095e-01,1,1,1,2,17,5.000000e-02,5.998287e-02,76,55,2
5,6.337497e-01,1,1,1,0,17,5.000000e-02,5.998287e-02,76,45,2
5,5.338480e-01,1,1,1,2,67,5.000000e-02,5.998287e-02,76,35,2
5,1.183662e+00,0,1,0,1,34,5.000000e-02,5.998287e-02,76,45,2
5,5.502975e-01,1,1,1,1,134,5.000000e-02,5.998287e-02,76,35,2
5,7.835698e-01,1,0,0,2,17,5.000000e-02,5.998287e-02,76,50,2
5,7.004171e-01,1,1,1,0,67,5.000000e-02,5.998287e-02,76,55,2
5,7.003757e-01,0,1,0,1,17,5.000000e-02,5.998287e-02,76,55,2
5,7.336275e-01,0,1,0,0,34,5.000000e-02,5.998287e-02,76,40,2
5,6.670307e-01,1,1,1,0,134,5.000000e-02,5.998287e-02,76,50,2
5,6.503678e-01,1,1,1,0,34,5.000000e-02,5.998287e-02,76,45,2
5,1.033755e+00,1,1,1,0,34,5.000000e-02,5.998287e-02,76,40,2
5,6.170497e-01,1,1,1,1,134,5.000000e-02,5.998287e-02,76,50,2
5,5.669151e-01,1,1,1,2,34,5.000000e-02,5.998287e-02,76,50,2
5,7.337080e-01,1,1,1,1,268,5.000000e-02,5.998287e-02,76,40,2
5,8.503441e-01,1,1,1,2,34,5.000000e-02,5.998287e-02,76,40,2
5,9.503471e-01,1,0,0,2,268,5.000000e-02,5.998287e-02,76,55,2
5,9.836532e-01,0,1,0,0,268,5.000000e-02,5.998287e-02,76,55,2
5,6.838837e-01,1,1,1,1,34,5.000000e-02,5.998287e-02,76,35,2
5,8.837558e-01,0,1,0,1,268,5.000000e-02,5.998287e-02,76,45,2
5,9.503746e-01,1,1,1,1,268,5.000000e-02,5.998287e-02,76,45,2
5,6.837675e-01,1,0,0,1,17,5.000000e-02,5.998287e-02,76,35,2
5,6.170186e-01,1,1,1,1,34,5.000000e-02,5.998287e-02,76,35,2
5,1.050331e+00,1,1,1,0,34,5.000000e-02,5.998287e-02,76,40,2
5,6.503992e-01,1,1,1,0,268,5.000000e-02,5.998287e-02,76,50,2
5,6.170584e-01,1,1,1,1,134,5.000000e-02,5.998287e-02,76,40,2
5,5.670859e-01,1,1,1,0,67,5.000000e-02,5.998287e-02,76,45,2
5,6.670799e-01,0,1,0,0,268,5.000000e-02,5.998287e-02,76,55,2
5,1.200313e+00,1,1,1,0,134,5.000000e-02,5.998287e-02,76,45,2
5,7.837053e-01,0,1,0,1,17,5.000000e-02,5.998287e-02,76,35,2
5,9.170380e-01,1,1,1,2,268,5.000000e-02,5.998287e-02,76,40,2
5,6.002254e-01,1,1,1,2,134,5.000000e-02,5.998287e-02,76,45,2
5,5.999730e-01,0,1,0,2,134,5.000000e-02,5.998287e-02,76,55,2
5,5.505574e-01,0,1,0,2,134,5.000000e-02,5.998287e-02,76,55,2
5,5.503355e-01,0,0,1,0,34,5.000000e-02,5.998287e-02,76,45,2
5,5.171761e-01,1,1,1,0,134,5.000000e-02,5.998287e-02,76,40,2
5,7.836329e-01,1,0,0,1,268,5.000000e-02,5.998287e-02,76,50,2
5,5.004004e-01,1,0,0,2,17,5.000000e-02,5.998287e-02,76,35,2
5,4.670167e-01,0,1,0,1,34,5.000000e-02,5.998287e-02,76,50,2
5,5.503989e-01,0,1,0,0,34,5.000000e-02,5.998287e-02,76,50,2
5,4.504185e-01,0,1,0,0,17,5.000000e-02,5.998287e-02,76,45,2
5,7.503676e-01,0,0,1,2,268,5.000000e-02,5.998287e-02,76,35,2
5,5.337382e-01,1,1,1,2,17,5.000000e-02,5.998287e-02,76,35,2
5,6.670162e-01,1,1,1,2,134,5.000000e-02,5.998287e-02,76,50,2
5,4.336947e-01,1,1,1,2,17,5.000000e-02,5.998287e-02,76,45,2
5,8.503685e-01,0,1,0,2,17,5.000000e-02,5.998287e-02,76,55,2
5,7.336733e-01,1,1,1,1,17,5.000000e-02,5.998287e-02,76,35,2
5,1.100404e+00,0,1,0,2,17,5.000000e-02,5.998287e-02,76,35,2
5,6.336742e-01,0,0,1,1,268,5.000000e-02,5.998287e-02,76,55,2
5,5.170023e-01,1,1,1,0,34,5.000000e-02,5.998287e-02,76,50,2
5,4.003180e-01,1,1,1,0,67,5.000000e-02,5.998287e-02,76,50,2
5,4.337415e-01,0,1,0,2,134,5.000000e-02,5.998287e-02,76,35,2
5,3.837230e-01,1,0,0,1,268,5.000000e-02,5.998287e-02,76,40,2
5,5.003986e-01,1,1,1,1,17,5.000000e-02,5.998287e-02,76,45,2
5,6.170171e-01,1,0,0,1,34,5.000000e-02,5.998287e-02,76,50,2
5,8.337277e-01,0,1,0,2,67,5.000000e-02,5.998287e-02,76,35,2
5,6.338798e-01,1,1,1,0,67,5.000000e-02,5.998287e-02,76,45,2
5,6.170379e-01,0,0,1,0,268,5.000000e-02,5.998287e-02,76,35,2
5,5.339969e-01,1,1,1,2,67,5.000000e-02,5.998287e-02,76,45,2
5,4.836890e-01,1,1,1,2,67,5.000000e-02,5.998287e-02,76,50,2
5,6.670554e-01,0,1,0,0,17,5.000000e-02,5.998287e-02,76,35,2
5,5.171776e-01,1,0,0,2,134,5.000000e-02,5.998287e-02,76,45,2
5,6.336567e-01,1,0,0,1,67,5.000000e-02,5.998287e-02,76,35,2
5,6.504874e-01,0,0,1,2,17,5.000000e-02,5.998287e-02,76,50,2
5,8.836969e-01,1,1,1,2,17,5.000000e-02,5.998287e-02,76,55,2
5,5.836606e-01,1,1,1,1,268,5.000000e-02,5.998287e-02,76,50,2
5,8.003142e-01,1,1,1,2,268,5.000000e-02,5.998287e-02,76,55,2
5,5.669960e-01,0,1,0,1,34,5.000000e-02,5.998287e-02,76,40,2
5,7.836519e-01,1,1,1,2,34,5.000000e-02,5.998287e-02,76,50,2
5,1.150367e+00,0,1,0,2,67,5.000000e-02,5.998287e-02,76,40,2
5,6.836827e-01,1,0,0,1,67,5.000000e-02,5.998287e-02,76,55,2
5,7.337660e-01,1,0,0,0,17,5.000000e-02,5.998287e-02,76,45,2
5,7.503359e-01,1,0,0,2,67,5.000000e-02,5.998287e-02,76,45,2
5,7.503389e-01,0,0,1,2,17,5.000000e-02,5.998287e-02,76,40,2
5,6.170790e-01,1,0,0,0,34,5.000000e-02,5.998287e-02,76,45,2
5,6.503570e-01,0,1,0,0,134,5.000000e-02,5.998287e-02,76,55,2
5,7.837198e-01,0,0,1,0,268,5.000000e-02,5.998287e-02,76,55,2
5,5.004070e-01,1,1,1,0,17,5.000000e-02,5.998287e-02,76,45,2
5,5.840838e-01,1,1,1,1,268,5.000000e-02,5.998287e-02,76,35,2
5,7.504364e-01,0,1,0,2,17,5.000000e-02,5.998287e-02,76,35,2
5,5.337179e-01,0,1,0,0,67,5.000000e-02,5.998287e-02,76,35,2
5,9.836647e-01,1,1,1,0,67,5.000000e-02,5.998287e-02,76,45,2
5,7.166957e-01,1,1,1,1,67,5.000000e-02,5.998287e-02,76,55,2
5,5.670225e-01,1,1,1,2,134,5.000000e-02,5.998287e-02,76,55,2
5,6.504931e-01,1,1,1,1,34,5.000000e-02,5.998287e-02,76,50,2
5,7.338312e-01,1,1,1,1,134,5.000000e-02,5.998287e-02,76,45,2
5,6.336727e-01,0,0,1,2,17,5.000000e-02,5.998287e-02,76,40,2
5,4.336965e-01,1,1,1,1,134,5.000000e-02,5.998287e-02,76,55,2
5,7.336821e-01,0,1,0,0,17,5.000000e-02,5.998287e-02,76,40,2
5,7.337099e-01,1,1,1,2,67,5.000000e-02,5.998287e-02,76,50,2
5,5.670298e-01,1,0,0,0,268,5.000000e-02,5.998287e-02,76,35,2
5,5.337038e-01,0,1,0,2,268,5.000000e-02,5.998287e-02,76,45,2
5,4.836920e-01,0,1,0,2,134,5.000000e-02,5.998287e-02,76,35,2
5,5.003826e-01,1,1,1,1,67,5.000000e-02,5.998287e-02,76,35,2
5,5.670267e-01,1,1,1,0,268,5.000000e-02,5.998287e-02,76,45,2
5,4.670702e-01,1,1,1,0,134,5.000000e-02,5.998287e-02,76,55,2
5,5.170433e-01,1,1,1,1,34,5.000000e-02,5.998287e-02,76,45,2
5,3.670457e-01,1,1,1,1,268,5.000000e-02,5.998287e-02,76,55,2
5,4.504034e-01,0,1,0,1,17,5.000000e-02,5.998287e-02,76,40,2
5,6.003859e-01,0,1,0,2,34,5.000000e-02,5.998287e-02,76,40,2
5,5.170711e-01,1,1,1,2,134,5.000000e-02,5.998287e-02,76,35,2
5,4.836802e-01,1,1,1,0,134,5.000000e-02,5.998287e-02,76,35,2
5,5.338722e-01,1,0,0,2,17,5.000000e-02,5.998287e-02,76,35,2
5,4.170705e-01,1,1,1,2,134,5.000000e-02,5.998287e-02,76,50,2
5,7.670546e-01,1,1,1,2,17,5.000000e-02,5.998287e-02,76,55,2
5,9.170697e-01,1,0,0,2,67,5.000000e-02,5.998287e-02,76,55,2
5,6.336627e-01,0,1,0,0,134,5.000000e-02,5.998287e-02,76,50,2
5,6.004249e-01,0,1,0,2,268,5.000000e-02,5.998287e-02,76,50,2
5,5.837201e-01,1,1,1,0,34,5.000000e-02,5.998287e-02,76,35,2
5,6.169788e-01,0,1,0,0,34,5.000000e-02,5.998287e-02,76,40,2
5,4.504019e-01,1,1,1,1,268,5.000000e-02,5.998287e-02,76,45,2
5,5.837056e-01,1,1,1,2,268,5.000000e-02,5.998287e-02,76,45,2
5,6.836120e-01,0,0,1,1,67,5.000000e-02,5.998287e-02,76,55,2
5,6.504062e-01,1,1,1,2,34,5.000000e-02,5.998287e-02,76,55,2
5,5.503748e-01,1,0,0,2,34,5.000000e-02,5.998287e-02,76,40,2
5,5.000059e-01,1,1,1,2,67,5.000000e-02,5.998287e-02,76,50,2
5,8.335674e-01,0,1,0,2,268,5.000000e-02,5.998287e-02,76,50,2
5,6.837424e-01,1,1,1,2,34,5.000000e-02,5.998287e-02,76,45,2
5,5.503080e-01,1,0,0,1,134,5.000000e-02,5.998287e-02,76,35,2
5,6.335459e-01,0,1,0,0,67,5.000000e-02,5.998287e-02,76,40,2
5,6.503093e-01,0,1,0,2,67,5.000000e-02,5.998287e-02,76,45,2
5,8.005282e-01,0,1,0,2,268,5.000000e-02,5.998287e-02,76,50,2
5,6.336851e-01,0,1,0,0,34,5.000000e-02,6.629133e-02,76,50,2
5,5.670624e-01,0,1,0,0,17,5.000000e-02,6.629133e-02,76,40,2
5,4.003934e-01,0,1,0,0,134,5.000000e-02,6.629133e-02,76,40,2
5,4.003765e-01,1,1,1,0,134,5.000000e-02,6.629133e-02,76,35,2
5,5.503874e-01,1,1,1,0,67,5.000000e-02,6.629133e-02,76,35,2
5,6.667808e-01,0,1,0,0,268,5.000000e-02,6.629133e-02,76,45,2
5,5.673950e-01,0,1,0,2,67,5.000000e-02,6.629133e-02,76,50,2
5,4.503500e-01,0,1,0,1,34,5.000000e-02,6.629133e-02,76,50,2
5,5.837213e-01,1,1,1,0,67,5.000000e-02,6.629133e-02,76,55,2
5,5.671055e-01,0,1,0,0,134,5.000000e-02,6.629133e-02,76,50,2
5,4.837327e-01,0,1,0,0,134,5.000000e-02,6.629133e-02,76,35,2
5,8.003839e-01,1,1,1,2,67,5.000000e-02,6.629133e-02,76,55,2
5,7.502689e-01,0,1,0,1,67,5.000000e-02,6.629133e-02,76,55,2
5,5.003593e-01,0,1,0,0,67,5.000000e-02,6.629133e-02,76,40,2
5,9.003151e-01,1,1,1,1,34,5.000000e-02,6.629133e-02,76,50,2
5,5.834197e-01,0,1,0,2,34,5.000000e-02,6.629133e-02,76,35,2
5,4.670756e-01,1,1,1,2,34,5.000000e-02,6.629133e-02,76,35,2
5,6.336818e-01,1,0,0,1,268,5.000000e-02,6.629133e-02,76,55,2
5,5.170690e-01,1,1,1,1,134,5.000000e-02,6.629133e-02,76,55,2
5,4.337535e-01,1,1,1,0,134,5.000000e-02,6.629133e-02,76,50,2
5,7.503721e-01,1,1,1,1,134,5.000000e-02,6.629133e-02,76,35,2
5,4.837080e-01,1,1,1,0,17,5.000000e-02,6.629133e-02,76,40,2
5,6.336670e-01,1,0,0,0,34,5.000000e-02,6.629133e-02,76,40,2
5,3.837580e-01,1,1,1,0,268,5.000000e-02,6.629133e-02,76,40,2
5,3.504351e-01,0,1,0,1,34,5.000000e-02,6.629133e-02,76,55,2
5,4.504164e-01,1,1,1,2,268,5.000000e-02,6.629133e-02,76,45,2
5,7.335773e-01,1,0,0,0,268,5.000000e-02,6.629133e-02,76,35,2
5,9.335348e-01,0,1,0,0,17,5.000000e-02,6.629133e-02,76,55,2
5,4.504653e-01,0,1,0,2,34,5.000000e-02,6.629133e-02,76,35,2
5,3.166909e+00,0,1,0,1,17,5.000000e-02,6.629133e-02,76,35,2
5,5.003246e-01,1,1,1,1,34,5.000000e-02,6.629133e-02,76,35,2
5,5.505625e-01,1,0,0,0,134,5.000000e-02,6.629133e-02,76,40,2
5,4.504282e-01,0,1,0,1,67,5.000000e-02,6.629133e-02,76,55,2
5,4.505377e-01,0,1,0,2,134,5.000000e-02,6.629133e-02,76,40,2
5,6.336778e-01,0,1,0,1,67,5.000000e-02,6.629133e-02,76,50,2
5,8.502973e-01,1,1,1,0,134,5.000000e-02,6.629133e-02,76,50,2
5,7.503769e-01,0,1,0,2,67,5.000000e-02,6.629133e-02,76,50,2
5,5.503657e-01,1,0,0,2,17,5.000000e-02,6.629133e-02,76,55,2
5,5.669969e-01,0,1,0,2,67,5.000000e-02,6.629133e-02,76,35,2
5,7.504835e-01,1,0,0,0,17,5.000000e-02,6.629133e-02,76,55,2
5,5.503627e-01,0,1,0,0,134,5.000000e-02,6.629133e-02,76,40,2
5,6.169833e-01,0,1,0,2,34,5.000000e-02,6.629133e-02,76,40,2
5,6.170826e-01,0,1,0,1,67,5.000000e-02,6.629133e-02,76,50,2
5,4.836754e-01,0,1,0,2,268,5.000000e-02,6.629133e-02,76,40,2
5,6.670147e-01,1,0,0,0,17,5.000000e-02,6.629133e-02,76,40,2
5,5.170530e-01,0,1,0,0,67,5.000000e-02,6.629133e-02,76,35,2
5,4.837234e-01,1,1,1,1,134,5.000000e-02,6.629133e-02,76,55,2
5,9.503704e-01,0,1,0,1,34,5.000000e-02,6.629133e-02,76,40,2
5,1.033716e+00,1,1,1,2,34,5.000000e-02,6.629133e-02,76,40,2
5,5.670421e-01,1,1,1,2,17,5.000000e-02,6.629133e-02,76,50,2
5,6.836757e-01,0,1,0,2,268,5.000000e-02,6.629133e-02,76,50,2
5,6.002371e-01,0,1,0,1,134,5.000000e-02,6.629133e-02,76,35,2
5,5.170660e-01,0,1,0,0,268,5.000000e-02,6.629133e-02,76,45,2
5,4.503823e-01,0,1,0,1,268,5.000000e-02,6.629133e-02,76,50,2
5,5.837400e-01,1,1,1,2,17,5.000000e-02,6.629133e-02,76,35,2
5,6.336733e-01,1,1,1,2,67,5.000000e-02,6.629133e-02,76,50,2
5,1.050252e+00,1,0,0,1,17,5.000000e-02,6.629133e-02,76,55,2
5,5.004937e-01,1,1,1,1,268,5.000000e-02,6.629133e-02,76,50,2
5,8.838512e-01,1,0,0,0,67,5.000000e-02,6.629133e-02,76,50,2
5,7.170648e-01,1,1,1,0,67,5.000000e-02,6.629133e-02,76,50,2
5,6.003452e-01,1,0,0,0,17,5.000000e-02,6.629133e-02,76,45,2
5,5.170125e-01,0,1,0,1,17,5.000000e-02,6.629133e-02,76,50,2
5,4.670771e-01,1,1,1,0,268,5.000000e-02,6.629133e-02,76,50,2
5,7.003811e-01,1,0,0,2,67,5.000000e-02,6.629133e-02,76,35,2
5,7.503151e-01,1,0,0,1,67,5.000000e-02,6.629133e-02,76,45,2
5,8.003588e-01,0,1,0,2,268,5.000000e-02,6.629133e-02,76,40,2
5,4.503038e-01,1,1,1,1,268,5.000000e-02,6.629133e-02,76,45,2
5,7.170455e-01,1,1,1,0,268,5.000000e-02,6.629133e-02,76,40,2
5,5.670690e-01,1,1,1,2,34,5.000000e-02,6.629133e-02,76,45,2
5,4.838341e-01,1,1,1,0,134,5.000000e-02,6.629133e-02,76,40,2
5,4.504013e-01,1,1,1,1,268,5.000000e-02,6.629133e-02,76,50,2
5,1.333747e+00,0,1,0,0,67,5.000000e-02,6.629133e-02,76,50,2
5,5.004188e-01,1,1,1,0,34,5.000000e-02,6.629133e-02,76,40,2
5,3.503620e-01,1,1,1,1,17,5.000000e-02,6.629133e-02,76,55,2
5,6.670784e-01,1,0,0,0,17,5.000000e-02,6.629133e-02,76,55,2
5,7.004358e-01,1,1,1,1,268,5.000000e-02,6.629133e-02,76,40,2
5,7.002070e-01,1,1,1,1,134,5.000000e-02,6.629133e-02,76,40,2
5,9.502176e-01,0,0,1,1,17,5.000000e-02,6.629133e-02,76,55,2
5,3.003852e-01,1,0,0,2,268,5.000000e-02,6.629133e-02,76,40,2
5,5.837898e-01,0,1,0,0,67,5.000000e-02,6.629133e-02,76,40,2
5,7.170147e-01,1,0,0,2,134,5.000000e-02,6.629133e-02,76,55,2
5,1.600356e+00,1,0,0,1,134,5.000000e-02,6.629133e-02,76,35,2
5,7.669903e-01,0,0,1,0,17,5.000000e-02,6.629133e-02,76,45,2
5,5.337608e-01,1,1,1,1,17,5.000000e-02,6.629133e-02,76,55,2
5,4.334049e-01,1,1,1,2,268,5.000000e-02,6.629133e-02,76,55,2
5,7.504041e-01,1,0,0,1,268,5.000000e-02,6.629133e-02,76,40,2
5,5.170373e-01,1,1,1,2,268,5.000000e-02,6.629133e-02,76,40,2
5,5.836051e-01,1,0,0,2,17,5.000000e-02,6.629133e-02,76,40,2
5,8.836206e-01,0,0,1,1,17,5.000000e-02,6.629133e-02,76,45,2
5,4.670916e-01,1,1,1,2,67,5.000000e-02,6.629133e-02,76,35,2
5,8.670087e-01,1,1,1,2,134,5.000000e-02,6.629133e-02,76,40,2
5,6.502498e-01,0,1,0,0,134,5.000000e-02,6.629133e-02,76,50,2
5,7.503745e-01,0,1,0,2,134,5.000000e-02,6.629133e-02,76,45,2
5,6.834795e-01,0,1,0,1,134,5.000000e-02,6.629133e-02,76,55,2
5,5.503228e-01,1,1,1,2,134,5.000000e-02,6.629133e-02,76,45,2
5,5.504010e-01,1,1,1,1,268,5.000000e-02,6.629133e-02,76,40,2
5,3.670231e-01,0,1,0,0,134,5.000000e-02,6.629133e-02,76,55,2
5,6.170111e-01,0,1,0,2,34,5.000000e-02,6.629133e-02,76,40,2
5,8.170416e-01,1,0,0,0,268,5.000000e-02,6.629133e-02,76,40,2
5,7.004195e-01,0,1,0,1,67,5.000000e-02,6.629133e-02,76,35,2
5,5.503633e-01,1,1,1,2,268,5.000000e-02,6.629133e-02,76,50,2
5,9.003863e-01,1,1,1,1,34,5.000000e-02,6.629133e-02,76,40,2
5,5.835701e-01,1,1,1,0,34,5.000000e-02,6.629133e-02,76,40,2
5,5.170303e-01,0,0,1,2,134,5.000000e-02,6.629133e-02,76,45,2
5,7.503676e-01,1,1,1,1,67,5.000000e-02,6.629133e-02,76,35,2
5,8.170178e-01,0,0,1,2,67,5.000000e-02,6.629133e-02,76,50,2
5,5.669893e-01,0,1,0,1,134,5.000000e-02,6.629133e-02,76,50,2
5,5.503666e-01,0,1,0,0,134,5.000000e-02,6.629133e-02,76,40,2
5,5.503606e-01,0,1,0,0,67,5.000000e-02,6.629133e-02,76,50,2
5,7.005019e-01,0,1,0,0,34,5.000000e-02,6.629133e-02,76,40,2
5,6.503428e-01,0,1,0,0,34,5.000000e-02,6.629133e-02,76,50,2
5,4.337194e-01,0,1,0,2,268,5.000000e-02,6.629133e-02,76,50,2
5,5.170104e-01,0,1,0,1,34,5.000000e-02,6.629133e-02,76,50,2
5,4.672262e-01,1,1,1,1,17,5.000000e-02,6.629133e-02,76,55,2
5,6.170708e-01,1,1,1,1,134,5.000000e-02,6.629133e-02,76,55,2
5,5.170231e-01,0,1,0,1,268,5.000000e-02,6.629133e-02,76,35,2
5,5.504967e-01,1,1,1,2,34,5.000000e-02,6.629133e-02,76,45,2
5,5.338613e-01,0,1,0,2,67,5.000000e-02,6.629133e-02,76,50,2
5,1.983634e+00,1,1,1,2,134,5.000000e-02,6.629133e-02,76,45,2
5,1.216994e+00,1,0,0,1,17,5.000000e-02,6.629133e-02,76,35,2
5,5.837554e-01,1,1,1,2,17,5.000000e-02,6.629133e-02,76,55,2
5,5.003584e-01,0,1,0,1,34,5.000000e-02,6.629133e-02,76,40,2
5,4.170608e-01,1,1,1,0,67,5.000000e-02,6.629133e-02,76,45,2
5,4.337080e-01,1,1,1,0,268,5.000000e-02,6.629133e-02,76,40,2
5,5.170273e-01,1,1,1,1,67,5.000000e-02,6.629133e-02,76,50,2
5,4.004330e-01,1,1,1,2,67,5.000000e-02,6.629133e-02,76,50,2
5,5.670455e-01,0,1,0,0,268,5.000000e-02,6.629133e-02,76,45,2
5,4.503841e-01,1,0,0,1,17,5.000000e-02,6.629133e-02,76,50,2
5,5.169893e-01,1,1,1,0,17,5.000000e-02,6.629133e-02,76,55,2
5,4.670285e-01,1,0,0,1,268,5.000000e-02,6.629133e-02,76,40,2
5,4.503717e-01,1,0,0,0,67,5.000000e-02,6.629133e-02,76,35,2
5,5.170310e-01,0,1,0,0,268,5.000000e-02,6.629133e-02,76,55,2
5,5.003630e-01,0,1,0,2,268,5.000000e-02,6.629133e-02,76,40,2
5,5.003612e-01,0,1,0,2,67,5.000000e-02,6.629133e-02,76,45,2
5,5.501623e-01,1,1,1,0,268,5.000000e-02,6.629133e-02,76,45,2
5,5.669501e-01,0,1,0,2,34,5.000000e-02,6.629133e-02,76,50,2
5,5.170110e-01,0,0,1,0,17,5.000000e-02,6.629133e-02,76,55,2
5,7.669954e-01,1,1,1,1,34,5.000000e-02,6.629133e-02,76,40,2
5,6.003328e-01,1,1,1,1,67,5.000000e-02,6.629133e-02,76,55,2
5,6.003093e-01,1,1,1,2,34,5.000000e-02,6.629133e-02,76,35,2
5,4.503675e-01,1,1,1,1,17,5.000000e-02,6.629133e-02,76,35,2
5,5.836461e-01,1,0,0,2,34,5.000000e-02,6.629133e-02,76,50,2
5,4.670077e-01,0,1,0,1,34,5.000000e-02,6.629133e-02,76,45,2
5,5.170901e-01,0,1,0,2,34,5.000000e-02,6.629133e-02,76,40,2
5,5.503250e-01,1,1,1,2,268,5.000000e-02,6.629133e-02,76,55,2
5,7.170594e-01,0,1,0,0,268,5.000000e-02,6.629133e-02,76,50,2
5,5.335405e-01,0,1,0,2,67,5.000000e-02,6.629133e-02,76,55,2
5,5.670986e-01,0,1,0,1,67,5.000000e-02,6.629133e-02,76,50,2
5,4.670663e-01,0,1,0,2,268,5.000000e-02,6.629133e-02,76,45,2
5,5.170412e-01,0,1,0,1,134,5.000000e-02,6.629133e-02,76,45,2
5,8.838017e-01,1,1,1,2,17,5.000000e-02,7.326325e-02,76,35,2
5,6.003899e-01,0,1,0,2,34,5.000000e-02,7.326325e-02,76,50,2
5,5.503883e-01,1,0,0,2,17,5.000000e-02,7.326325e-02,76,35,2
5,4.003759e-01,0,1,0,1,34,5.000000e-02,7.326325e-02,76,50,2
5,5.503512e-01,1,1,1,1,67,5.000000e-02,7.326325e-02,76,50,2
5,4.337303e-01,1,1,1,0,268,5.000000e-02,7.326325e-02,76,35,2
5,3.670581e-01,1,1,1,0,67,5.000000e-02,7.326325e-02,76,50,2
5,3.835093e-01,1,1,1,2,134,5.000000e-02,7.326325e-02,76,55,2
5,3.669512e-01,1,1,1,1,67,5.000000e-02,7.326325e-02,76,50,2
5,3.338003e-01,1,1,1,1,134,5.000000e-02,7.326325e-02,76,35,2
5,4.003880e-01,0,1,0,1,268,5.000000e-02,7.326325e-02,76,55,2
5,3.670635e-01,1,1,1,1,134,5.000000e-02,7.326325e-02,76,40,2
5,7.003802e-01,0,1,0,2,17,5.000000e-02,7.326325e-02,76,55,2
5,3.838945e-01,1,1,1,0,134,5.000000e-02,7.326325e-02,76,40,2
5,4.504173e-01,0,1,0,2,134,5.000000e-02,7.326325e-02,76,35,2
5,5.337306e-01,1,1,1,2,34,5.000000e-02,7.326325e-02,76,55,2
5,5.337249e-01,1,1,1,2,268,5.000000e-02,7.326325e-02,76,55,2
5,5.003560e-01,1,1,1,1,34,5.000000e-02,7.326325e-02,76,45,2
5,4.837249e-01,0,1,0,1,67,5.000000e-02,7.326325e-02,76,45,2
5,5.171143e-01,0,1,0,1,17,5.000000e-02,7.326325e-02,76,45,2
5,4.170548e-01,1,1,1,0,34,5.000000e-02,7.326325e-02,76,50,2
5,5.170270e-01,0,1,0,1,17,5.000000e-02,7.326325e-02,76,45,2
5,6.337319e-01,0,1,0,1,67,5.000000e-02,7.326325e-02,76,55,2
5,4.170922e-01,0,1,0,1,34,5.000000e-02,7.326325e-02,76,45,2
5,4.999796e-01,0,1,0,2,34,5.000000e-02,7.326325e-02,76,45,2
5,4.503790e-01,1,1,1,1,268,5.000000e-02,7.326325e-02,76,50,2
5,5.836902e-01,0,1,0,0,17,5.000000e-02,7.326325e-02,76,50,2
5,5.669911e-01,1,1,1,2,34,5.000000e-02,7.326325e-02,76,35,2
5,6.337379e-01,0,1,0,2,67,5.000000e-02,7.326325e-02,76,55,2
5,5.169974e-01,1,1,1,2,134,5.000000e-02,7.326325e-02,76,55,2
5,5.003865e-01,1,1,1,0,268,5.000000e-02,7.326325e-02,76,35,2
5,6.169890e-01,1,1,1,0,17,5.000000e-02,7.326325e-02,76,55,2
5,4.503264e-01,1,1,1,0,34,5.000000e-02,7.326325e-02,76,50,2
5,5.170340e-01,1,1,1,1,67,5.000000e-02,7.326325e-02,76,55,2
5,9.003788e-01,1,1,1,2,268,5.000000e-02,7.326325e-02,76,50,2
5,4.503738e-01,1,1,1,2,67,5.000000e-02,7.326325e-02,76,35,2
5,7.336634e-01,0,1,0,1,134,5.000000e-02,7.326325e-02,76,55,2
5,5.668921e-01,0,1,0,2,67,5.000000e-02,7.326325e-02,76,35,2
5,4.670635e-01,1,1,1,1,17,5.000000e-02,7.326325e-02,76,40,2
5,5.171212e-01,1,1,1,0,134,5.000000e-02,7.326325e-02,76,55,2
5,5.338091e-01,1,1,1,0,17,5.000000e-02,7.326325e-02,76,45,2
5,6.170503e-01,1,1,1,0,268,5.000000e-02,7.326325e-02,76,35,2
5,9.504177e-01,0,1,0,1,67,5.000000e-02,7.326325e-02,76,35,2
5,5.337273e-01,0,1,0,2,134,5.000000e-02,7.326325e-02,76,55,2
5,5.836455e-01,1,0,0,2,17,5.000000e-02,7.326325e-02,76,35,2
5,6.001553e-01,0,1,0,2,134,5.000000e-02,7.326325e-02,76,40,2
5,5.336555e-01,0,1,0,0,134,5.000000e-02,7.326325e-02,76,40,2
5,5.670904e-01,0,1,0,2,17,5.000000e-02,7.326325e-02,76,40,2
5,6.999091e-01,0,1,0,2,268,5.000000e-02,7.326325e-02,76,35,2
5,4.003276e-01,1,1,1,0,67,5.000000e-02,7.326325e-02,76,40,2
5,4.837056e-01,1,1,1,2,67,5.000000e-02,7.326325e-02,76,50,2
5,5.170267e-01,0,1,0,1,17,5.000000e-02,7.326325e-02,76,45,2
5,3.669859e-01,1,1,1,0,268,5.000000e-02,7.326325e-02,76,45,2
5,5.004239e-01,0,1,0,1,268,5.000000e-02,7.326325e-02,76,40,2
5,7.336896e-01,1,1,1,0,67,5.000000e-02,7.326325e-02,76,45,2
5,4.837475e-01,0,1,0,0,17,5.000000e-02,7.326325e-02,76,40,2
5,5.003286e-01,1,1,1,0,34,5.000000e-02,7.326325e-02,76,40,2
5,4.503805e-01,0,1,0,2,17,5.000000e-02,7.326325e-02,76,50,2
5,4.004013e-01,1,1,1,0,17,5.000000e-02,7.326325e-02,76,55,2
5,3.837064e-01,1,1,1,0,17,5.000000e-02,7.326325e-02,76,50,2
5,8.170030e-01,1,1,1,1,268,5.000000e-02,7.326325e-02,76,35,2
5,4.836491e-01,1,1,1,1,34,5.000000e-02,7.326325e-02,76,40,2
5,2.999421e-01,1,1,1,0,34,5.000000e-02,7.326325e-02,76,55,2
5,6.671206e-01,1,1,1,2,34,5.000000e-02,7.326325e-02,76,35,2
5,6.338586e-01,1,1,1,0,17,5.000000e-02,7.326325e-02,76,45,2
5,8.503893e-01,1,1,1,2,134,5.000000e-02,7.326325e-02,76,35,2
5,4.668175e-01,1,1,1,2,134,5.000000e-02,7.326325e-02,76,40,2
5,6.170192e-01,1,1,1,2,67,5.000000e-02,7.326325e-02,76,55,2
5,4.504100e-01,1,1,1,2,134,5.000000e-02,7.326325e-02,76,35,2
5,6.169827e-01,1,0,0,2,34,5.000000e-02,7.326325e-02,76,35,2
5,5.503832e-01,1,1,1,0,268,5.000000e-02,7.326325e-02,76,55,2
5,4.503485e-01,1,1,1,0,17,5.000000e-02,7.326325e-02,76,50,2
5,4.503065e-01,0,1,0,0,67,5.000000e-02,7.326325e-02,76,50,2
5,4.670693e-01,1,1,1,2,134,5.000000e-02,7.326325e-02,76,45,2
5,8.836767e-01,0,0,1,1,67,5.000000e-02,7.326325e-02,76,50,2
