Subject,RT,Choice,Accuracy,Target,Prime,PrimeDuration,Contrast,Block,Angle,FixTime,PrimeTime,TargetTime,MaskTime,BlockType
1,4.824399e+00,1,1,1,0,150,1,0,45,1.149705e+00,1.299687e+00,1.399709e+00,1.499706e+00,0
1,2.036315e+00,0,1,0,1,150,1,0,40,1.145737e+00,1.295720e+00,1.395735e+00,1.495705e+00,0
1,8.820460e-01,0,1,0,1,150,1,0,40,1.147958e+00,1.297915e+00,1.397921e+00,1.497911e+00,0
1,4.698135e-01,0,1,0,0,150,1,0,40,1.147803e+00,1.297774e+00,1.397777e+00,1.497767e+00,0
1,5.934280e-01,1,1,1,1,150,1,0,35,1.147964e+00,1.297922e+00,1.397940e+00,1.497935e+00,0
1,4.080930e-01,1,1,1,1,150,1,0,35,1.148078e+00,1.298054e+00,1.398056e+00,1.498047e+00,0
1,5.109313e-01,1,1,1,1,150,1,0,35,1.148011e+00,1.298019e+00,1.397999e+00,1.498000e+00,0
1,4.088802e-01,0,1,0,1,150,1,0,35,1.148092e+00,1.298070e+00,1.398067e+00,1.498063e+00,0
1,4.475310e-01,0,1,0,0,150,1,0,40,1.148059e+00,1.298047e+00,1.398049e+00,1.498026e+00,0
1,4.041729e-01,1,1,1,0,150,1,0,45,1.147981e+00,1.297958e+00,1.397961e+00,1.497950e+00,0
1,4.190284e-01,1,1,1,1,150,1,0,55,1.147938e+00,1.297870e+00,1.397913e+00,1.497907e+00,0
1,4.494692e-01,0,1,0,1,150,1,0,55,1.147844e+00,1.297888e+00,1.397914e+00,1.497905e+00,0
1,3.658426e-01,1,1,1,0,150,1,0,45,1.148014e+00,1.297969e+00,1.397951e+00,1.497987e+00,0
1,5.418273e-01,1,1,1,1,150,1,0,35,1.147954e+00,1.297952e+00,1.397966e+00,1.498061e+00,0
1,3.755114e-01,1,1,1,1,150,1,0,45,1.148255e+00,1.298267e+00,1.398274e+00,1.498269e+00,0
1,3.992054e-01,0,1,0,0,150,1,0,55,1.148140e+00,1.298165e+00,1.398165e+00,1.498158e+00,0
1,5.659559e-01,0,1,0,1,150,3.981072e-01,0,35,1.148016e+00,1.298016e+00,1.398014e+00,1.498008e+00,0
1,4.779015e-01,1,1,1,1,150,3.981072e-01,0,55,1.148020e+00,1.298010e+00,1.398009e+00,1.498003e+00,0
1,3.615663e-01,1,1,1,0,150,3.981072e-01,0,40,1.147908e+00,1.297894e+00,1.397902e+00,1.497891e+00,0
1,2.816429e-01,1,1,1,0,150,3.981072e-01,0,45,1.148097e+00,1.298082e+00,1.398075e+00,1.498028e+00,0
1,3.090664e-01,1,1,1,0,150,3.981072e-01,0,50,1.147902e+00,1.297887e+00,1.397893e+00,1.497894e+00,0
1,4.474305e-01,0,1,0,1,150,3.981072e-01,0,55,1.148354e+00,1.298305e+00,1.398332e+00,1.498282e+00,0
1,4.366159e-01,0,1,0,0,150,3.981072e-01,0,45,1.147662e+00,1.297911e+00,1.397888e+00,1.497880e+00,0
1,4.733131e-01,1,1,1,0,150,3.981072e-01,0,40,1.147948e+00,1.297918e+00,1.397924e+00,1.497915e+00,0
1,3.014456e-01,0,1,0,1,150,3.981072e-01,0,50,1.148244e+00,1.298249e+00,1.398226e+00,1.498234e+00,0
1,8.803321e-01,0,1,0,0,150,3.981072e-01,0,50,1.147844e+00,1.297833e+00,1.397853e+00,1.497858e+00,0
1,3.798209e-01,0,1,0,1,150,3.981072e-01,0,35,1.147999e+00,1.297959e+00,1.397976e+00,1.497971e+00,0
1,3.471488e-01,1,1,1,1,150,3.981072e-01,0,40,1.147968e+00,1.297941e+00,1.397887e+00,1.497895e+00,0
1,3.555725e-01,1,1,1,1,150,3.981072e-01,0,40,1.147820e+00,1.297774e+00,1.397773e+00,1.497764e+00,0
1,3.803691e-01,1,1,1,1,150,3.981072e-01,0,40,1.147903e+00,1.297894e+00,1.397902e+00,1.497913e+00,0
1,3.636971e-01,1,1,1,0,150,3.981072e-01,0,35,1.147986e+00,1.297962e+00,1.397966e+00,1.498024e+00,0
1,2.915987e-01,1,1,1,0,150,3.981072e-01,0,45,1.147853e+00,1.297825e+00,1.397853e+00,1.497810e+00,0
1,3.033778e-01,1,1,1,1,150,1.584893e-01,0,50,1.148283e+00,1.298290e+00,1.398290e+00,1.498300e+00,0
1,4.096614e-01,1,1,1,0,150,1.584893e-01,0,35,1.147948e+00,1.297995e+00,1.397958e+00,1.497978e+00,0
1,4.237248e-01,1,0,0,1,150,1.584893e-01,0,45,1.147900e+00,1.297894e+00,1.397885e+00,1.497875e+00,0
1,4.860704e-01,1,1,1,0,150,1.584893e-01,0,40,1.147831e+00,1.297830e+00,1.397806e+00,1.497851e+00,0
1,3.292812e-01,0,1,0,0,150,1.584893e-01,0,35,1.147911e+00,1.297897e+00,1.397897e+00,1.497897e+00,0
1,5.148004e-01,1,1,1,1,150,1.584893e-01,0,55,1.147936e+00,1.297890e+00,1.397918e+00,1.497906e+00,0
1,6.368761e-01,1,1,1,0,150,1.584893e-01,0,35,1.147981e+00,1.297932e+00,1.397945e+00,1.497907e+00,0
1,4.422272e-01,0,1,0,1,150,1.584893e-01,0,50,1.147995e+00,1.297678e+00,1.397943e+00,1.497957e+00,0
1,6.395753e-01,0,0,1,1,150,1.584893e-01,0,55,1.148206e+00,1.298187e+00,1.398209e+00,1.498205e+00,0
1,4.208497e-01,1,1,1,1,150,1.584893e-01,0,55,1.147984e+00,1.297945e+00,1.397943e+00,1.497942e+00,0
1,3.947404e-01,0,1,0,0,150,1.584893e-01,0,45,1.148067e+00,1.298021e+00,1.398014e+00,1.498033e+00,0
1,4.414479e-01,0,1,0,1,150,1.584893e-01,0,35,1.147704e+00,1.297750e+00,1.397750e+00,1.497744e+00,0
1,3.665942e-01,1,1,1,0,150,1.584893e-01,0,40,1.148287e+00,1.298266e+00,1.398290e+00,1.498271e+00,0
1,3.428351e-01,0,1,0,0,150,1.584893e-01,0,50,1.147914e+00,1.297898e+00,1.397897e+00,1.497861e+00,0
1,4.234945e-01,0,1,0,1,150,1.584893e-01,0,35,1.147940e+00,1.297932e+00,1.397954e+00,1.497946e+00,0
1,3.892066e-01,0,1,0,0,150,1.584893e-01,0,50,1.148016e+00,1.297994e+00,1.398057e+00,1.498029e+00,0
1,6.042774e-01,1,0,0,1,150,6.309573e-02,0,40,1.147658e+00,1.297878e+00,1.397931e+00,1.497929e+00,0
1,4.912870e-01,0,0,1,1,150,6.309573e-02,0,55,1.147866e+00,1.297865e+00,1.397867e+00,1.497862e+00,0
1,5.663021e-01,1,0,0,1,150,6.309573e-02,0,35,1.148126e+00,1.298108e+00,1.398108e+00,1.498101e+00,0
1,6.302705e-01,0,0,1,0,150,6.309573e-02,0,45,1.147876e+00,1.297867e+00,1.397599e+00,1.497840e+00,0
1,3.639965e-01,1,1,1,0,150,6.309573e-02,0,35,1.147795e+00,1.297775e+00,1.397823e+00,1.497820e+00,0
1,5.721178e-01,1,1,1,0,150,6.309573e-02,0,55,1.147935e+00,1.297884e+00,1.397922e+00,1.497910e+00,0
1,3.800150e-01,1,1,1,1,150,6.309573e-02,0,45,1.147980e+00,1.297963e+00,1.397991e+00,1.497963e+00,0
1,3.471386e-01,1,0,0,0,150,6.309573e-02,0,40,1.148025e+00,1.298023e+00,1.398017e+00,1.497978e+00,0
1,3.080133e-01,1,1,1,1,150,6.309573e-02,0,50,1.147917e+00,1.297892e+00,1.397917e+00,1.497911e+00,0
1,2.384474e-01,1,1,1,0,150,6.309573e-02,0,40,1.148214e+00,1.298216e+00,1.398216e+00,1.498210e+00,0
1,1.558251e-01,1,0,0,1,150,6.309573e-02,0,50,1.147869e+00,1.297848e+00,1.397871e+00,1.497865e+00,0
1,2.367178e-01,1,0,0,0,150,6.309573e-02,0,55,1.148030e+00,1.297890e+00,1.397874e+00,1.497868e+00,0
1,2.178493e-01,1,1,1,0,150,6.309573e-02,0,35,1.147958e+00,1.297962e+00,1.397961e+00,1.497952e+00,0
1,2.802233e-01,1,0,0,1,150,6.309573e-02,0,55,1.147973e+00,1.297934e+00,1.397952e+00,1.497948e+00,0
1,4.330954e-02,1,0,0,0,150,6.309573e-02,0,40,1.147940e+00,1.297917e+00,1.397937e+00,1.497891e+00,0
1,1.920536e-01,1,0,0,1,150,6.309573e-02,0,35,1.147882e+00,1.297862e+00,1.397881e+00,1.497879e+00,0
1,4.632945e-01,0,1,0,0,150,2.511886e-02,0,35,1.148241e+00,1.298225e+00,1.398250e+00,1.498223e+00,0
1,2.273303e-01,0,0,1,1,150,2.511886e-02,0,40,1.147931e+00,1.297908e+00,1.397915e+00,1.497908e+00,0
1,2.165942e-01,1,0,0,1,150,2.511886e-02,0,55,1.147875e+00,1.297847e+00,1.397880e+00,1.497873e+00,0
1,1.027598e-01,0,1,0,1,150,2.511886e-02,0,40,1.148001e+00,1.298012e+00,1.397993e+00,1.497957e+00,0
1,9.772530e-02,0,1,0,1,150,2.511886e-02,0,55,1.147841e+00,1.297813e+00,1.397820e+00,1.497833e+00,0
1,8.451912e-02,0,1,0,0,150,2.511886e-02,0,35,1.147875e+00,1.297836e+00,1.397889e+00,1.497885e+00,0
1,1.276711e-01,0,0,1,0,150,2.511886e-02,0,45,1.147946e+00,1.297928e+00,1.397951e+00,1.497948e+00,0
1,2.009119e-01,1,0,0,0,150,2.511886e-02,0,50,1.147959e+00,1.297973e+00,1.397975e+00,1.498000e+00,0
1,1.204376e-04,0,1,0,0,150,2.511886e-02,0,55,1.147935e+00,1.297902e+00,1.397917e+00,1.497911e+00,0
1,1.207395e-04,0,1,0,1,150,2.511886e-02,0,50,1.147911e+00,1.297860e+00,1.397889e+00,1.497863e+00,0
1,1.204376e-04,0,1,0,0,150,2.511886e-02,0,35,1.147850e+00,1.297836e+00,1.397848e+00,1.497848e+00,0
1,1.204376e-04,0,1,0,1,150,2.511886e-02,0,35,1.147879e+00,1.297880e+00,1.397881e+00,1.497831e+00,0
1,1.844295e-04,0,1,0,1,150,2.511886e-02,0,55,1.147907e+00,1.297911e+00,1.397934e+00,1.497925e+00,0
1,1.231543e-04,0,1,0,0,150,2.511886e-02,0,55,1.147915e+00,1.297901e+00,1.397921e+00,1.497912e+00,0
1,1.213431e-04,0,0,1,0,150,2.511886e-02,0,50,1.147720e+00,1.297721e+00,1.397748e+00,1.497741e+00,0
1,1.213431e-04,0,0,1,1,150,2.511886e-02,0,40,1.147867e+00,1.297875e+00,1.397873e+00,1.497872e+00,0
1,6.938926e-02,1,1,1,1,150,1.000000e-02,0,40,1.147881e+00,1.297901e+00,1.397905e+00,1.497894e+00,0
1,3.355772e-02,1,1,1,0,150,1.000000e-02,0,45,1.147928e+00,1.297903e+00,1.397925e+00,1.497921e+00,0
1,1.459136e-02,1,1,1,0,150,1.000000e-02,0,40,1.147882e+00,1.297911e+00,1.397929e+00,1.497924e+00,0
1,1.216450e-04,1,0,0,0,150,1.000000e-02,0,40,1.147825e+00,1.297754e+00,1.397828e+00,1.497828e+00,0
1,1.143916e-02,0,1,0,1,150,1.000000e-02,0,50,1.147857e+00,1.297839e+00,1.397866e+00,1.497843e+00,0
1,1.418085e-03,1,0,0,0,150,1.000000e-02,0,55,1.147956e+00,1.297938e+00,1.397961e+00,1.497957e+00,0
1,1.213431e-04,0,1,0,0,150,1.000000e-02,0,50,1.147888e+00,1.297877e+00,1.397900e+00,1.497843e+00,0
1,1.234561e-04,0,1,0,0,150,1.000000e-02,0,45,1.147955e+00,1.297932e+00,1.397935e+00,1.497931e+00,0
1,1.207394e-04,0,1,0,0,150,1.000000e-02,0,35,1.147900e+00,1.297879e+00,1.397906e+00,1.497899e+00,0
1,1.225505e-04,0,0,1,1,150,1.000000e-02,0,50,1.147879e+00,1.297888e+00,1.397869e+00,1.497905e+00,0
1,3.869283e-01,1,1,1,1,150,1.000000e-02,0,55,1.148005e+00,1.297999e+00,1.398000e+00,1.498001e+00,0
1,1.130001e+00,1,1,1,1,150,1.000000e-02,0,45,1.147984e+00,1.297965e+00,1.397986e+00,1.497981e+00,0
1,1.207394e-04,1,1,1,1,150,1.000000e-02,0,35,1.148053e+00,1.298002e+00,1.398054e+00,1.498001e+00,0
1,4.214350e-02,1,1,1,0,150,1.000000e-02,0,50,1.148005e+00,1.297971e+00,1.397996e+00,1.497972e+00,0
1,1.580660e-02,1,0,0,0,150,1.000000e-02,0,50,1.148326e+00,1.298306e+00,1.398328e+00,1.498319e+00,0
1,1.201358e-04,1,1,1,0,150,1.000000e-02,0,35,1.147944e+00,1.297899e+00,1.397927e+00,1.497935e+00,0
1,5.187715e-01,0,1,0,0,1000,6.698925e-02,1,50,3.023180e-01,1.302216e+00,1.402270e+00,1.502266e+00,1
1,2.546965e-01,1,1,1,0,1000,1.591049e-01,1,50,2.968992e-01,1.296811e+00,1.396814e+00,1.496853e+00,1
1,1.052009e-01,0,1,0,1,66,1.591049e-01,1,40,1.224932e+00,1.291581e+00,1.391607e+00,1.491600e+00,1
1,1.297759e-01,1,1,1,1,1000,1.427985e-01,1,55,2.914463e-01,1.291365e+00,1.391436e+00,1.491428e+00,1
1,7.930945e-01,1,1,1,0,257,1.427985e-01,1,40,1.042015e+00,1.291994e+00,1.392003e+00,1.491989e+00,1
1,3.657397e-01,1,1,1,1,1000,1.427985e-01,1,40,2.917349e-01,1.291665e+00,1.391684e+00,1.491696e+00,1
1,3.876340e-01,0,1,0,1,257,1.281634e-01,1,35,1.040675e+00,1.290648e+00,1.390672e+00,1.490660e+00,1
1,1.612493e-01,1,0,0,0,66,1.281634e-01,1,40,1.224959e+00,1.291611e+00,1.391634e+00,1.491608e+00,1
1,2.951005e-01,0,1,0,0,1000,3.901271e-02,1,40,2.911876e-01,1.291128e+00,1.391126e+00,1.491121e+00,1
1,7.038494e-01,0,1,0,1,17,1.591049e-01,1,55,1.275031e+00,1.291686e+00,1.391704e+00,1.491695e+00,1
1,4.006485e-01,1,1,1,1,17,1.591049e-01,1,35,1.274922e+00,1.291612e+00,1.391608e+00,1.491608e+00,1
1,3.731682e-01,1,1,1,0,17,1.427985e-01,1,35,1.275128e+00,1.291762e+00,1.391755e+00,1.491772e+00,1
1,3.232346e-01,0,0,1,0,257,1.427985e-01,1,50,1.041869e+00,1.291836e+00,1.391835e+00,1.491835e+00,1
1,1.717102e-01,1,1,1,0,257,3.901271e-02,1,45,1.041639e+00,1.291607e+00,1.391608e+00,1.491606e+00,1
1,1.615774e-01,1,0,0,1,66,1.772733e-01,1,55,1.224909e+00,1.291555e+00,1.391601e+00,1.491592e+00,1
1,5.752027e-01,0,0,1,1,17,3.501437e-02,1,35,1.274472e+00,1.291121e+00,1.391125e+00,1.491135e+00,1
1,3.258589e-01,1,0,0,1,17,3.501437e-02,1,40,1.274428e+00,1.291087e+00,1.391104e+00,1.491100e+00,1
1,8.697270e-01,0,0,1,0,1000,3.501437e-02,1,45,2.915302e-01,1.291478e+00,1.391469e+00,1.491461e+00,1
1,5.758239e-01,1,1,1,1,257,3.901271e-02,1,50,1.041056e+00,1.291015e+00,1.391024e+00,1.491041e+00,1
1,2.127785e-01,1,0,0,0,257,1.975164e-01,1,35,1.041619e+00,1.291587e+00,1.391605e+00,1.491604e+00,1
1,2.410083e-01,0,0,1,1,66,3.142581e-02,1,35,1.224853e+00,1.291527e+00,1.391473e+00,1.491495e+00,1
1,1.388397e+00,0,1,0,0,66,3.501437e-02,1,35,1.224796e+00,1.291460e+00,1.391479e+00,1.491478e+00,1
1,7.779082e-01,0,1,0,0,17,2.452012e-01,1,45,1.274814e+00,1.291486e+00,1.391495e+00,1.491483e+00,1
1,5.349271e-01,0,1,0,0,17,2.452012e-01,1,45,1.275092e+00,1.291755e+00,1.391774e+00,1.491704e+00,1
1,6.546885e-01,1,1,1,0,1000,2.200710e-01,1,35,2.916651e-01,1.291574e+00,1.391619e+00,1.491620e+00,1
1,4.493478e-01,0,1,0,1,257,2.200710e-01,1,45,1.041783e+00,1.291761e+00,1.391719e+00,1.491714e+00,1
1,8.037685e-01,0,1,0,0,17,2.200710e-01,1,35,1.275231e+00,1.291875e+00,1.391819e+00,1.491832e+00,1
1,5.685768e-01,1,1,1,0,66,2.200710e-01,1,35,1.225149e+00,1.291844e+00,1.391867e+00,1.491848e+00,1
1,7.347388e-01,1,1,1,1,257,1.975164e-01,1,40,1.041584e+00,1.291563e+00,1.391579e+00,1.491575e+00,1
1,6.538258e-01,1,1,1,0,1000,1.975164e-01,1,40,2.914472e-01,1.291381e+00,1.391401e+00,1.491395e+00,1
1,6.726195e-01,1,1,1,1,66,1.975164e-01,1,40,1.224893e+00,1.291554e+00,1.391557e+00,1.491577e+00,1
1,6.265523e-01,1,1,1,0,257,1.975164e-01,1,40,1.041470e+00,1.291444e+00,1.391515e+00,1.491469e+00,1
1,5.579672e-01,1,1,1,0,17,1.975164e-01,1,55,1.275008e+00,1.291656e+00,1.391680e+00,1.491671e+00,1
1,4.530123e-01,1,1,1,0,66,1.772733e-01,1,45,1.225068e+00,1.291718e+00,1.391762e+00,1.491737e+00,1
1,4.396597e-01,0,1,0,0,257,1.772733e-01,1,50,1.041723e+00,1.291721e+00,1.391743e+00,1.491736e+00,1
1,5.471477e-01,0,1,0,0,257,1.772733e-01,1,35,1.041831e+00,1.291802e+00,1.391790e+00,1.491510e+00,1
1,5.137237e-01,1,1,1,1,66,1.772733e-01,1,50,1.225514e+00,1.292162e+00,1.392124e+00,1.492180e+00,1
1,4.577447e-01,1,1,1,0,17,1.772733e-01,1,40,1.274551e+00,1.291208e+00,1.391226e+00,1.491225e+00,1
1,4.682028e-01,0,0,1,1,1000,1.591049e-01,1,55,2.919045e-01,1.291812e+00,1.391862e+00,1.491850e+00,1
1,5.263256e-01,1,1,1,1,1000,4.843125e-02,1,40,2.914614e-01,1.291372e+00,1.391424e+00,1.491416e+00,1
1,6.458745e-01,1,1,1,1,17,1.772733e-01,1,50,1.274527e+00,1.291187e+00,1.391204e+00,1.491188e+00,1
1,9.921381e-01,0,1,0,0,66,1.772733e-01,1,45,1.224948e+00,1.291579e+00,1.391625e+00,1.491611e+00,1
1,4.698268e-01,0,1,0,1,1000,1.772733e-01,1,40,2.913548e-01,1.291222e+00,1.391266e+00,1.491257e+00,1
1,5.039390e-01,0,1,0,1,1000,1.772733e-01,1,35,2.916817e-01,1.291615e+00,1.391646e+00,1.491597e+00,1
1,5.763902e-01,1,1,1,0,66,1.772733e-01,1,35,1.224958e+00,1.291576e+00,1.391640e+00,1.491623e+00,1
1,3.576873e-01,0,1,0,0,1000,1.772733e-01,1,55,2.915803e-01,1.291468e+00,1.391484e+00,1.491491e+00,1
1,5.568232e-01,1,0,0,1,1000,1.591049e-01,1,35,2.921460e-01,1.292100e+00,1.392120e+00,1.492094e+00,1
1,6.593980e-01,1,0,0,1,17,4.843125e-02,1,35,1.275297e+00,1.291961e+00,1.391976e+00,1.491969e+00,1
1,6.932367e-01,0,1,0,0,66,4.843125e-02,1,50,1.225174e+00,1.291793e+00,1.391809e+00,1.491777e+00,1
1,3.978657e-01,0,1,0,1,257,1.772733e-01,1,55,1.041606e+00,1.291522e+00,1.391570e+00,1.491571e+00,1
1,4.745881e-01,1,1,1,1,1000,1.772733e-01,1,45,2.921212e-01,1.292055e+00,1.392059e+00,1.492072e+00,1
1,6.845220e-01,1,1,1,1,17,1.772733e-01,1,55,1.274555e+00,1.291213e+00,1.391231e+00,1.491212e+00,1
1,1.198148e+00,1,0,0,0,257,1.772733e-01,1,45,1.041765e+00,1.291711e+00,1.391733e+00,1.491731e+00,1
1,5.146911e-01,0,1,0,1,17,4.843125e-02,1,45,1.274538e+00,1.290922e+00,1.391211e+00,1.491197e+00,1
1,6.187465e-01,1,1,1,1,1000,1.975164e-01,1,35,2.916202e-01,1.291549e+00,1.391584e+00,1.491558e+00,1
1,4.947407e-01,0,1,0,1,17,1.975164e-01,1,35,1.274956e+00,1.291613e+00,1.391611e+00,1.491608e+00,1
1,5.757337e-01,1,0,0,1,257,1.975164e-01,1,50,1.041534e+00,1.291494e+00,1.391500e+00,1.491513e+00,1
1,6.935633e-01,1,1,1,1,17,4.346763e-02,1,40,1.274536e+00,1.291194e+00,1.391207e+00,1.491190e+00,1
1,1.134257e+00,0,1,0,0,257,2.200710e-01,1,50,1.041825e+00,1.291737e+00,1.391804e+00,1.491795e+00,1
1,5.576451e-01,0,1,0,1,66,2.200710e-01,1,40,1.225217e+00,1.291879e+00,1.391878e+00,1.491864e+00,1
1,3.965108e-01,1,1,1,0,1000,1.975164e-01,1,40,2.915073e-01,1.291322e+00,1.391390e+00,1.491362e+00,1
1,8.090430e-01,1,0,0,1,17,1.975164e-01,1,55,1.275137e+00,1.291786e+00,1.391806e+00,1.491800e+00,1
1,4.939768e-01,0,1,0,0,66,3.901271e-02,1,50,1.225182e+00,1.291834e+00,1.391848e+00,1.491875e+00,1
1,4.784014e-01,1,1,1,0,17,2.200710e-01,1,55,1.274874e+00,1.291531e+00,1.391548e+00,1.491546e+00,1
1,7.378010e-01,1,0,0,1,1000,2.874625e-01,2,40,2.903708e-01,1.290301e+00,1.390303e+00,1.490301e+00,2
1,4.434890e-01,1,1,1,0,257,8.263468e-02,2,55,1.047168e+00,1.297114e+00,1.397112e+00,1.497111e+00,2
1,5.358993e-01,0,1,0,0,17,2.874625e-01,2,50,1.281434e+00,1.298065e+00,1.398083e+00,1.498065e+00,2
1,4.492268e-01,1,1,1,1,17,9.325657e-03,2,55,1.281225e+00,1.297881e+00,1.397875e+00,1.497875e+00,2
1,5.900884e-01,0,1,0,0,66,3.244130e-02,2,50,1.231396e+00,1.298030e+00,1.398031e+00,1.498025e+00,2
1,6.131747e-01,1,0,0,0,257,6.050728e-02,2,40,1.047950e+00,1.297923e+00,1.397925e+00,1.497916e+00,2
1,5.234462e-01,1,1,1,0,1000,9.325657e-03,2,40,2.980852e-01,1.298048e+00,1.398037e+00,1.498013e+00,2
1,4.056703e-01,1,1,1,0,1000,2.104876e-01,2,45,2.979696e-01,1.297908e+00,1.397914e+00,1.497897e+00,2
1,7.483871e-01,1,0,0,1,17,1.541245e-01,2,45,1.281114e+00,1.297726e+00,1.397766e+00,1.497760e+00,2
1,4.289927e-01,0,0,1,1,66,5.361553e-01,2,55,1.231438e+00,1.298028e+00,1.398052e+00,1.498060e+00,2
1,4.264674e-01,1,1,1,0,17,6.828491e-03,2,55,1.281296e+00,1.297930e+00,1.397942e+00,1.497955e+00,2
1,3.997052e-01,1,0,0,0,66,9.325657e-03,2,50,1.231389e+00,1.298054e+00,1.398060e+00,1.498049e+00,2
1,8.380739e-01,1,1,1,0,17,2.104876e-01,2,35,1.281348e+00,1.298022e+00,1.398021e+00,1.498015e+00,2
1,7.875472e-01,1,1,1,1,66,1.273603e-02,2,50,1.231318e+00,1.297971e+00,1.397966e+00,1.497960e+00,2
1,5.392052e-01,0,1,0,1,66,1,2,40,1.231252e+00,1.297909e+00,1.397882e+00,1.497878e+00,2
1,4.765109e-01,0,0,1,0,66,6.050728e-02,2,55,1.231262e+00,1.297936e+00,1.397953e+00,1.497935e+00,2
1,4.316794e-01,1,1,1,1,1000,1.273603e-02,2,40,2.981175e-01,1.298018e+00,1.398022e+00,1.498032e+00,2
1,5.893718e-01,1,1,1,1,17,3.244130e-02,2,35,1.281255e+00,1.297880e+00,1.397909e+00,1.497913e+00,2
1,8.523477e-01,1,1,1,1,257,7.322263e-01,2,55,1.047903e+00,1.297876e+00,1.397873e+00,1.497867e+00,2
1,5.613708e-01,1,1,1,0,257,2.874625e-01,2,45,1.048049e+00,1.298042e+00,1.398072e+00,1.498066e+00,2
1,5.214661e-01,0,1,0,0,1000,1.128540e-01,2,35,2.979665e-01,1.297984e+00,1.397888e+00,1.497883e+00,2
1,1.955140e+00,1,0,0,1,17,1.273603e-02,2,45,1.281246e+00,1.297900e+00,1.397895e+00,1.497892e+00,2
1,4.518598e-01,0,1,0,0,17,3.925870e-01,2,50,1.281340e+00,1.297960e+00,1.397975e+00,1.497968e+00,2
1,4.409522e-01,0,1,0,1,17,5.361553e-01,2,40,1.281256e+00,1.297925e+00,1.397913e+00,1.497911e+00,2
1,4.144538e-01,0,1,0,1,17,2.874625e-01,2,50,1.281549e+00,1.298206e+00,1.398204e+00,1.498201e+00,2
1,3.718524e-01,0,1,0,1,1000,1.273603e-02,2,35,2.980664e-01,1.297995e+00,1.397992e+00,1.497992e+00,2
1,3.165740e-01,0,1,0,0,17,2.104876e-01,2,40,1.281289e+00,1.297934e+00,1.397931e+00,1.497923e+00,2
1,4.143298e-01,0,1,0,1,1000,9.325657e-03,2,50,2.980517e-01,1.297986e+00,1.397981e+00,1.497977e+00,2
1,6.440296e-01,0,1,0,0,257,2.375437e-02,2,40,1.047891e+00,1.297887e+00,1.397882e+00,1.497882e+00,2
1,5.046429e-01,0,0,1,1,257,1.273603e-02,2,45,1.048004e+00,1.297995e+00,1.397991e+00,1.497991e+00,2
1,4.833952e-01,0,1,0,1,257,2.874625e-01,2,50,1.048008e+00,1.297985e+00,1.397983e+00,1.497964e+00,2
1,7.910876e-01,0,1,0,0,66,5.000000e-03,2,35,1.231326e+00,1.297996e+00,1.398006e+00,1.497991e+00,2
1,5.665541e-01,0,1,0,0,1000,1,2,55,2.983556e-01,1.298314e+00,1.398287e+00,1.498299e+00,2
1,6.463201e-01,0,0,1,0,66,1.128540e-01,2,55,1.231374e+00,1.298022e+00,1.398020e+00,1.498021e+00,2
1,1.323018e+00,0,1,0,1,1000,2.375437e-02,2,45,2.980293e-01,1.297710e+00,1.397980e+00,1.497954e+00,2
1,2.005113e+00,0,0,1,0,17,1.739357e-02,2,40,1.281365e+00,1.298046e+00,1.398045e+00,1.498016e+00,2
1,7.240168e-01,0,0,1,0,1000,2.375437e-02,2,45,2.980326e-01,1.297920e+00,1.397945e+00,1.497967e+00,2
1,6.540172e-01,1,1,1,0,257,4.430502e-02,2,40,1.048050e+00,1.298022e+00,1.397977e+00,1.498012e+00,2
1,4.583426e-01,1,0,0,1,17,2.375437e-02,2,55,1.281296e+00,1.297951e+00,1.397945e+00,1.497912e+00,2
1,6.071295e-01,0,0,1,1,66,2.375437e-02,2,50,1.231520e+00,1.298184e+00,1.398188e+00,1.498209e+00,2
1,4.703049e-01,0,1,0,0,1000,9.325657e-03,2,55,2.980812e-01,1.298016e+00,1.398016e+00,1.498009e+00,2
1,7.142740e-01,1,1,1,0,1000,4.430502e-02,2,35,2.979686e-01,1.297905e+00,1.397931e+00,1.497920e+00,2
1,5.558895e-01,1,0,0,0,257,1.739357e-02,2,50,1.047917e+00,1.297910e+00,1.397867e+00,1.497904e+00,2
1,5.646625e-01,0,0,1,1,66,1.739357e-02,2,40,1.231610e+00,1.298283e+00,1.398283e+00,1.498274e+00,2
1,6.848196e-01,1,0,0,0,257,3.925870e-01,2,35,1.047974e+00,1.297947e+00,1.397944e+00,1.497939e+00,2
1,6.800942e-01,0,1,0,0,17,9.325657e-03,2,50,1.281273e+00,1.297884e+00,1.397923e+00,1.497917e+00,2
1,7.153709e-01,0,1,0,0,1000,5.361553e-01,2,50,2.982400e-01,1.298114e+00,1.398132e+00,1.497851e+00,2
1,3.415960e-01,0,1,0,1,1000,1.541245e-01,2,45,2.980677e-01,1.298011e+00,1.397981e+00,1.497992e+00,2
1,7.110041e-01,1,1,1,0,257,2.104876e-01,2,40,1.047949e+00,1.297880e+00,1.397880e+00,1.497871e+00,2
1,6.807863e-01,0,1,0,0,17,7.322263e-01,2,35,1.281282e+00,1.297914e+00,1.397924e+00,1.497900e+00,2
1,6.362923e-01,1,1,1,0,1000,1,2,50,2.979819e-01,1.297940e+00,1.397933e+00,1.497929e+00,2
1,6.578821e-01,0,1,0,0,66,1.128540e-01,2,45,1.231282e+00,1.297946e+00,1.397952e+00,1.497947e+00,2
1,6.461652e-01,0,1,0,0,66,8.263468e-02,2,40,1.231550e+00,1.298225e+00,1.398185e+00,1.498203e+00,2
1,6.352555e-01,1,1,1,0,257,1.273603e-02,2,55,1.047996e+00,1.297969e+00,1.397967e+00,1.497966e+00,2
1,4.641967e-01,1,1,1,1,1000,3.925870e-01,2,50,2.979418e-01,1.297858e+00,1.397919e+00,1.497909e+00,2
1,8.444351e-01,1,0,0,0,17,6.828491e-03,2,55,1.281298e+00,1.297963e+00,1.397970e+00,1.497967e+00,2
1,4.812569e-01,0,0,1,1,66,5.000000e-03,2,55,1.231315e+00,1.297946e+00,1.397942e+00,1.497939e+00,2
1,3.804461e-01,0,1,0,0,17,5.361553e-01,2,45,1.281397e+00,1.298032e+00,1.398028e+00,1.498003e+00,2
1,5.479696e-01,1,1,1,0,17,1.128540e-01,2,40,1.281071e+00,1.297727e+00,1.397726e+00,1.497717e+00,2
1,6.209240e-01,1,0,0,1,66,2.375437e-02,2,35,1.231354e+00,1.297946e+00,1.397986e+00,1.497980e+00,2
1,2.194592e+00,1,0,0,0,66,4.430502e-02,2,50,1.231320e+00,1.297969e+00,1.397961e+00,1.497981e+00,2
1,8.176442e-01,0,1,0,1,66,1.273603e-02,2,35,1.231375e+00,1.298008e+00,1.398029e+00,1.498027e+00,2
1,5.832778e-01,1,1,1,0,17,7.322263e-01,2,40,1.281315e+00,1.297972e+00,1.397967e+00,1.497965e+00,2
1,4.947803e-01,1,1,1,0,17,1.739357e-02,2,35,1.281257e+00,1.297928e+00,1.397913e+00,1.497923e+00,2
1,6.012308e-01,1,0,0,0,1000,9.325657e-03,3,40,2.889938e-01,1.288925e+00,1.388920e+00,1.488916e+00,2
1,5.194015e-01,1,1,1,1,257,1.541245e-01,3,40,1.048000e+00,1.297978e+00,1.397994e+00,1.497989e+00,2
1,1.441344e+00,0,1,0,0,66,2.375437e-02,3,55,1.231331e+00,1.298001e+00,1.397999e+00,1.497987e+00,2
1,7.350113e-01,0,1,0,0,66,6.828491e-03,3,55,1.231267e+00,1.297917e+00,1.397915e+00,1.497915e+00,2
1,4.645698e-01,1,1,1,0,17,5.361553e-01,3,45,1.281303e+00,1.297959e+00,1.397960e+00,1.497948e+00,2
1,5.723982e-01,1,1,1,1,1000,8.263468e-02,3,35,2.981395e-01,1.298053e+00,1.398072e+00,1.498047e+00,2
1,8.526979e-01,0,0,1,1,17,9.325657e-03,3,55,1.281301e+00,1.297947e+00,1.397959e+00,1.497955e+00,2
1,1.209072e+00,1,0,0,1,17,9.325657e-03,3,45,1.281284e+00,1.297934e+00,1.397932e+00,1.497930e+00,2
1,1.391725e+00,1,0,0,0,66,1.273603e-02,3,45,1.231047e+00,1.297720e+00,1.397718e+00,1.497712e+00,2
1,1.015548e+00,0,1,0,1,66,3.925870e-01,3,45,1.231353e+00,1.298007e+00,1.397951e+00,1.497960e+00,2
1,1.245431e+00,1,1,1,1,17,1.739357e-02,3,45,1.281169e+00,1.297845e+00,1.397840e+00,1.497836e+00,2
1,7.301546e-01,1,0,0,0,17,5.000000e-03,3,40,1.281686e+00,1.298336e+00,1.398339e+00,1.498329e+00,2
1,5.072312e-01,0,1,0,0,66,3.925870e-01,3,55,1.231320e+00,1.297928e+00,1.397990e+00,1.497733e+00,2
1,4.858142e-01,1,1,1,0,17,1.541245e-01,3,40,1.281660e+00,1.298302e+00,1.398308e+00,1.498310e+00,2
1,1.025261e+00,0,0,1,0,17,9.325657e-03,3,35,1.281332e+00,1.297989e+00,1.397981e+00,1.497955e+00,2
1,6.312687e-01,0,0,1,1,17,1.128540e-01,3,55,1.281370e+00,1.297983e+00,1.397756e+00,1.498009e+00,2
1,6.046954e-01,0,1,0,1,1000,1.541245e-01,3,40,2.980163e-01,1.297976e+00,1.397990e+00,1.497979e+00,2
1,6.274820e-01,0,0,1,0,17,2.375437e-02,3,55,1.281298e+00,1.297950e+00,1.397949e+00,1.497948e+00,2
1,5.209161e-01,1,1,1,1,1000,8.263468e-02,3,50,2.980800e-01,1.298015e+00,1.398007e+00,1.498007e+00,2
1,5.389854e-01,1,0,0,1,17,6.828491e-03,3,45,1.281324e+00,1.297971e+00,1.397973e+00,1.497967e+00,2
1,4.283712e-01,1,1,1,0,66,7.322263e-01,3,50,1.231261e+00,1.297865e+00,1.397901e+00,1.497902e+00,2
1,4.498900e-01,1,1,1,1,66,1.541245e-01,3,50,1.231305e+00,1.297957e+00,1.397961e+00,1.497966e+00,2
1,5.182849e-01,1,1,1,0,17,5.000000e-03,3,50,1.281350e+00,1.297995e+00,1.397986e+00,1.497982e+00,2
1,6.322793e-01,1,1,1,1,257,6.050728e-02,3,45,1.047969e+00,1.297979e+00,1.397986e+00,1.497971e+00,2
1,4.539033e-01,0,1,0,0,17,1,3,55,1.281238e+00,1.297894e+00,1.397891e+00,1.497883e+00,2
1,3.702427e-01,0,1,0,1,66,1,3,35,1.231377e+00,1.298014e+00,1.398028e+00,1.497990e+00,2
1,6.822642e-01,1,1,1,1,257,1.128540e-01,3,40,1.047928e+00,1.297902e+00,1.397903e+00,1.497899e+00,2
1,3.657753e-01,0,1,0,0,1000,2.874625e-01,3,35,2.980103e-01,1.297952e+00,1.397944e+00,1.497943e+00,2
1,3.818699e-01,0,1,0,1,1000,7.322263e-01,3,50,2.979071e-01,1.297868e+00,1.397861e+00,1.497857e+00,2
1,2.774991e-01,0,1,0,1,257,7.322263e-01,3,45,1.048064e+00,1.298028e+00,1.398027e+00,1.498015e+00,2
1,6.164600e-01,0,1,0,1,257,6.828491e-03,3,40,1.047984e+00,1.297959e+00,1.397974e+00,1.497954e+00,2
1,5.185092e-01,0,0,1,1,1000,3.244130e-02,3,50,2.978337e-01,1.297751e+00,1.397745e+00,1.497743e+00,2
1,4.726394e-01,0,1,0,0,66,3.925870e-01,3,35,1.231234e+00,1.297859e+00,1.397879e+00,1.497875e+00,2
1,3.968147e-01,0,0,1,1,1000,4.430502e-02,3,50,2.980375e-01,1.297974e+00,1.397978e+00,1.497974e+00,2
1,7.473174e-01,1,0,0,1,17,6.050728e-02,3,45,1.281332e+00,1.297982e+00,1.397984e+00,1.497976e+00,2
1,5.639960e-01,0,1,0,1,257,3.244130e-02,3,40,1.047974e+00,1.297964e+00,1.397949e+00,1.497944e+00,2
1,7.241689e-01,0,1,0,0,257,5.361553e-01,3,50,1.047887e+00,1.297861e+00,1.397852e+00,1.497851e+00,2
1,7.339090e-01,1,1,1,0,66,6.828491e-03,3,35,1.231234e+00,1.297890e+00,1.397850e+00,1.497871e+00,2
1,4.314449e-01,0,1,0,0,257,3.925870e-01,3,50,1.047990e+00,1.297967e+00,1.397677e+00,1.497961e+00,2
1,4.530274e-01,1,1,1,1,257,6.050728e-02,3,40,1.047842e+00,1.297822e+00,1.397813e+00,1.497817e+00,2
1,1.065758e+00,1,1,1,1,66,8.263468e-02,3,45,1.231309e+00,1.297976e+00,1.397977e+00,1.497979e+00,2
1,7.497482e-01,0,1,0,1,17,3.244130e-02,3,35,1.281282e+00,1.297939e+00,1.397938e+00,1.497934e+00,2
1,7.505831e-01,0,0,1,0,66,3.244130e-02,3,45,1.231254e+00,1.297884e+00,1.397903e+00,1.497898e+00,2
1,3.992256e-01,1,1,1,0,66,7.322263e-01,3,50,1.231186e+00,1.297874e+00,1.397851e+00,1.497865e+00,2
1,3.898423e-01,1,1,1,0,1000,2.375437e-02,3,40,2.979367e-01,1.297883e+00,1.397879e+00,1.497873e+00,2
1,3.414010e-01,1,1,1,0,257,9.325657e-03,3,50,1.048166e+00,1.298151e+00,1.398155e+00,1.498128e+00,2
1,3.023358e-01,0,1,0,1,257,1,3,55,1.048274e+00,1.298251e+00,1.398250e+00,1.498241e+00,2
1,4.490074e-01,1,0,0,0,1000,9.325657e-03,3,35,2.979569e-01,1.297913e+00,1.397871e+00,1.497888e+00,2
1,2.781058e-01,0,1,0,1,257,5.000000e-03,3,50,1.047980e+00,1.297969e+00,1.397967e+00,1.497961e+00,2
1,1.852478e-01,0,1,0,0,257,1,3,45,1.047980e+00,1.297959e+00,1.397923e+00,1.497949e+00,2
1,3.047853e-01,0,0,1,1,17,1.739357e-02,3,50,1.281286e+00,1.297944e+00,1.397942e+00,1.497937e+00,2
1,6.831214e-01,0,1,0,1,257,2.375437e-02,3,55,1.047898e+00,1.297898e+00,1.397895e+00,1.497868e+00,2
1,4.707933e-01,1,1,1,0,17,1.739357e-02,3,35,1.281292e+00,1.297965e+00,1.397950e+00,1.497936e+00,2
1,5.626208e-01,0,1,0,0,66,6.828491e-03,3,55,1.231244e+00,1.297892e+00,1.397847e+00,1.497886e+00,2
1,2.427276e-01,0,1,0,0,66,2.104876e-01,3,35,1.231324e+00,1.297970e+00,1.397974e+00,1.497973e+00,2
1,3.277496e-01,0,1,0,1,66,5.000000e-03,3,50,1.231301e+00,1.297953e+00,1.397949e+00,1.497943e+00,2
1,3.129877e-01,0,0,1,1,66,1.541245e-01,3,45,1.231304e+00,1.297963e+00,1.397959e+00,1.497955e+00,2
1,4.430561e-01,0,1,0,1,257,4.430502e-02,3,45,1.047913e+00,1.297906e+00,1.397865e+00,1.497880e+00,2
1,2.556845e-01,0,1,0,1,1000,6.050728e-02,3,35,2.979569e-01,1.297919e+00,1.397916e+00,1.497907e+00,2
1,2.202300e-01,0,1,0,0,1000,2.874625e-01,3,55,2.979922e-01,1.297900e+00,1.397931e+00,1.497923e+00,2
1,3.940969e-01,0,0,1,1,17,1.273603e-02,3,45,1.281298e+00,1.297944e+00,1.397942e+00,1.497933e+00,2
1,4.008661e-01,1,1,1,0,66,7.322263e-01,3,50,1.231255e+00,1.297899e+00,1.397900e+00,1.497890e+00,2
1,5.836865e-01,0,0,1,0,66,8.263468e-02,3,45,1.231323e+00,1.297969e+00,1.397967e+00,1.497957e+00,2
1,4.471305e-01,1,1,1,1,17,5.000000e-03,3,40,1.281308e+00,1.297980e+00,1.397963e+00,1.497958e+00,2
1,4.758372e-01,1,1,1,0,17,2.104876e-01,4,55,1.280442e+00,1.297120e+00,1.397114e+00,1.497106e+00,2
1,7.752900e-01,0,1,0,1,257,2.104876e-01,4,35,1.047938e+00,1.297931e+00,1.397926e+00,1.497917e+00,2
1,9.031697e-01,1,1,1,1,257,4.430502e-02,4,40,1.048209e+00,1.298187e+00,1.398210e+00,1.498178e+00,2
1,5.700532e-01,1,0,0,0,66,4.430502e-02,4,45,1.231289e+00,1.297959e+00,1.397947e+00,1.497947e+00,2
1,4.740620e-01,1,0,0,0,66,3.244130e-02,4,40,1.231301e+00,1.297945e+00,1.397972e+00,1.497954e+00,2
1,4.061319e-01,0,1,0,0,66,3.244130e-02,4,50,1.231584e+00,1.298241e+00,1.398236e+00,1.498230e+00,2
1,2.690114e-01,0,1,0,0,257,1.739357e-02,4,55,1.047899e+00,1.297831e+00,1.397830e+00,1.497823e+00,2
1,5.849482e-01,0,1,0,1,257,4.430502e-02,4,55,1.047944e+00,1.297917e+00,1.397915e+00,1.497917e+00,2
1,3.283557e-01,0,1,0,1,257,2.874625e-01,4,55,1.047864e+00,1.297839e+00,1.397561e+00,1.497829e+00,2
1,2.976955e-01,0,1,0,0,257,2.874625e-01,4,45,1.047973e+00,1.297952e+00,1.397948e+00,1.497941e+00,2
1,2.839831e-01,0,1,0,0,257,6.828491e-03,4,40,1.047913e+00,1.297909e+00,1.397912e+00,1.497898e+00,2
1,3.834718e-01,0,0,1,1,17,1.273603e-02,4,45,1.281285e+00,1.297901e+00,1.397881e+00,1.497826e+00,2
1,5.429719e-01,1,1,1,0,17,6.828491e-03,4,55,1.281237e+00,1.297922e+00,1.397918e+00,1.497884e+00,2
1,3.596910e-01,1,1,1,0,257,3.244130e-02,4,45,1.047991e+00,1.297964e+00,1.398024e+00,1.497981e+00,2
1,4.234945e-01,0,1,0,0,66,1.541245e-01,4,55,1.231225e+00,1.297903e+00,1.397835e+00,1.497853e+00,2
1,3.495159e-01,0,0,1,1,17,5.000000e-03,4,45,1.281584e+00,1.298265e+00,1.398259e+00,1.498214e+00,2
1,3.985008e-01,0,1,0,0,1000,1.128540e-01,4,40,2.978186e-01,1.297782e+00,1.397751e+00,1.497749e+00,2
1,6.611843e-01,0,0,1,1,17,9.325657e-03,4,40,1.281304e+00,1.297960e+00,1.397962e+00,1.497952e+00,2
1,6.092561e-01,0,0,1,1,66,5.000000e-03,4,55,1.231298e+00,1.297963e+00,1.397937e+00,1.497944e+00,2
1,5.191422e-01,1,1,1,0,17,6.050728e-02,4,50,1.281247e+00,1.297916e+00,1.397945e+00,1.497916e+00,2
1,2.813679e-01,1,1,1,1,66,9.325657e-03,4,40,1.231198e+00,1.297889e+00,1.397873e+00,1.497889e+00,2
1,2.926356e-01,1,0,0,1,17,1.739357e-02,4,35,1.281262e+00,1.297932e+00,1.397928e+00,1.497859e+00,2
1,4.954335e-01,0,1,0,1,17,2.375437e-02,4,35,1.281370e+00,1.298027e+00,1.398027e+00,1.498022e+00,2
1,4.020144e-01,0,1,0,1,257,5.361553e-01,4,40,1.048056e+00,1.298008e+00,1.397986e+00,1.498015e+00,2
1,9.286122e-01,1,1,1,0,1000,6.050728e-02,4,35,2.980233e-01,1.297983e+00,1.398004e+00,1.497996e+00,2
1,4.658158e-01,0,1,0,1,17,6.828491e-03,4,35,1.281322e+00,1.297957e+00,1.397958e+00,1.497951e+00,2
1,8.859163e-01,1,0,0,0,1000,9.325657e-03,4,35,2.979997e-01,1.297991e+00,1.397964e+00,1.497925e+00,2
1,4.013430e-01,0,0,1,0,257,1.541245e-01,4,45,1.047964e+00,1.297931e+00,1.397933e+00,1.497923e+00,2
1,3.521203e-01,1,1,1,1,257,5.361553e-01,4,55,1.048045e+00,1.298012e+00,1.397739e+00,1.497966e+00,2
1,2.971485e-01,1,0,0,1,17,9.325657e-03,4,45,1.281349e+00,1.297996e+00,1.397998e+00,1.497986e+00,2
1,5.396326e-01,1,1,1,0,17,3.244130e-02,4,50,1.281119e+00,1.297813e+00,1.397811e+00,1.497810e+00,2
1,3.089961e-01,0,1,0,0,66,5.361553e-01,4,50,1.231247e+00,1.297926e+00,1.397918e+00,1.497913e+00,2
1,1.031372e+00,1,0,0,1,257,4.430502e-02,4,40,1.048375e+00,1.298327e+00,1.398358e+00,1.498346e+00,2
1,1.045152e+00,1,1,1,1,257,3.244130e-02,4,35,1.048059e+00,1.298006e+00,1.398013e+00,1.497999e+00,2
1,4.099128e-01,0,1,0,1,17,2.874625e-01,4,50,1.281202e+00,1.297868e+00,1.397870e+00,1.497868e+00,2
1,4.960447e-01,0,0,1,0,257,4.430502e-02,4,45,1.047970e+00,1.297920e+00,1.397937e+00,1.497936e+00,2
1,3.542492e-01,0,1,0,1,257,5.361553e-01,4,55,1.047947e+00,1.297922e+00,1.397928e+00,1.497912e+00,2
1,3.389808e-01,0,1,0,0,66,2.104876e-01,4,50,1.231186e+00,1.297858e+00,1.397855e+00,1.497852e+00,2
1,4.124173e-01,0,1,0,1,66,1.273603e-02,4,35,1.231319e+00,1.297985e+00,1.397956e+00,1.497959e+00,2
1,2.426691e+00,0,1,0,1,1000,3.244130e-02,4,35,2.978624e-01,1.297823e+00,1.397788e+00,1.497811e+00,2
1,3.916628e-01,0,1,0,1,1000,4.430502e-02,4,55,2.979653e-01,1.297902e+00,1.397906e+00,1.497897e+00,2
1,3.195801e-01,0,1,0,0,1000,4.430502e-02,4,55,2.983481e-01,1.298305e+00,1.398302e+00,1.498274e+00,2
1,2.972213e-01,0,0,1,0,1000,5.000000e-03,4,50,2.979659e-01,1.297928e+00,1.397935e+00,1.497936e+00,2
1,4.601800e-01,0,1,0,0,257,8.263468e-02,4,50,1.047863e+00,1.297831e+00,1.397833e+00,1.497829e+00,2
1,4.797274e-01,0,1,0,0,66,3.244130e-02,4,35,1.231379e+00,1.298051e+00,1.398047e+00,1.498044e+00,2
1,5.793824e-01,0,0,1,1,17,8.263468e-02,4,40,1.281318e+00,1.297968e+00,1.397990e+00,1.497980e+00,2
1,3.865845e-01,1,1,1,1,66,1.541245e-01,4,45,1.231214e+00,1.297865e+00,1.397865e+00,1.497858e+00,2
1,3.141360e-01,1,1,1,0,66,1.739357e-02,4,40,1.231389e+00,1.298025e+00,1.398022e+00,1.498015e+00,2
1,3.558946e-01,0,1,0,1,257,7.322263e-01,4,55,1.048038e+00,1.297992e+00,1.398009e+00,1.497997e+00,2
1,3.498383e-01,0,0,1,0,1000,4.430502e-02,4,55,2.982331e-01,1.298192e+00,1.398185e+00,1.498192e+00,2
1,2.534955e-01,1,1,1,1,1000,2.874625e-01,4,40,2.980130e-01,1.297948e+00,1.397930e+00,1.497928e+00,2
1,3.302876e-01,1,0,0,1,17,5.000000e-03,4,55,1.281355e+00,1.297994e+00,1.397989e+00,1.497981e+00,2
1,5.397907e-01,1,0,0,1,66,8.263468e-02,4,35,1.231204e+00,1.297858e+00,1.397858e+00,1.497847e+00,2
1,3.810395e-01,0,1,0,0,17,5.000000e-03,4,35,1.281582e+00,1.298261e+00,1.398262e+00,1.498223e+00,2
1,3.163856e-01,1,1,1,1,257,7.322263e-01,4,50,1.047972e+00,1.297947e+00,1.397902e+00,1.497938e+00,2
1,4.066000e-01,1,0,0,0,17,8.263468e-02,4,50,1.281209e+00,1.297864e+00,1.397889e+00,1.497882e+00,2
1,2.051451e-01,0,1,0,1,66,7.322263e-01,4,40,1.231220e+00,1.297897e+00,1.397911e+00,1.497899e+00,2
1,4.037113e-01,1,1,1,0,257,2.104876e-01,4,45,1.047976e+00,1.297954e+00,1.397954e+00,1.497945e+00,2
1,4.183869e-01,0,1,0,1,17,1.128540e-01,4,50,1.281324e+00,1.297977e+00,1.397933e+00,1.497985e+00,2
1,4.965265e-01,1,0,0,1,1000,3.244130e-02,4,50,2.980037e-01,1.297916e+00,1.397922e+00,1.497930e+00,2
1,2.510864e-01,0,1,0,1,66,1,4,35,1.231319e+00,1.297974e+00,1.397965e+00,1.497962e+00,2
1,2.877251e-01,0,1,0,1,1000,3.925870e-01,4,35,2.980477e-01,1.297965e+00,1.397959e+00,1.497952e+00,2
1,5.712364e-01,0,1,0,1,1000,1.273603e-02,4,55,2.980604e-01,1.298007e+00,1.397965e+00,1.497983e+00,2
1,4.833481e-01,0,1,0,0,257,5.000000e-03,4,40,1.048014e+00,1.297946e+00,1.397959e+00,1.497985e+00,2
1,4.557914e-01,1,1,1,0,257,7.419370e-02,5,35,1.047845e+00,1.297821e+00,1.397813e+00,1.497805e+00,1
1,8.667420e-01,1,1,1,1,257,2.200710e-01,5,55,1.040930e+00,1.291192e+00,1.391180e+00,1.491171e+00,1
1,4.527651e-01,1,1,1,1,257,2.200710e-01,5,45,1.042134e+00,1.292088e+00,1.392087e+00,1.492094e+00,1
1,3.597688e-01,0,1,0,1,257,2.200710e-01,5,35,1.041657e+00,1.291635e+00,1.391629e+00,1.491623e+00,1
1,3.579490e-01,0,1,0,0,257,2.200710e-01,5,35,1.042030e+00,1.292034e+00,1.392006e+00,1.492023e+00,1
1,3.161903e-01,1,1,1,0,257,2.200710e-01,5,45,1.042072e+00,1.292024e+00,1.392046e+00,1.492039e+00,1
1,3.560987e-01,1,1,1,0,66,1.975164e-01,5,50,1.225163e+00,1.291847e+00,1.391793e+00,1.491829e+00,1
1,3.392419e-01,1,1,1,0,257,1.975164e-01,5,45,1.041746e+00,1.291718e+00,1.391701e+00,1.491700e+00,1
1,4.344006e-01,1,1,1,1,257,1.975164e-01,5,50,1.041744e+00,1.291691e+00,1.391710e+00,1.491708e+00,1
1,3.977849e-01,1,1,1,1,66,1.975164e-01,5,50,1.224972e+00,1.291577e+00,1.391595e+00,1.491685e+00,1
1,4.427298e-01,0,1,0,0,17,1.975164e-01,5,35,1.274926e+00,1.291566e+00,1.391574e+00,1.491581e+00,1
1,3.730269e-01,1,1,1,0,17,1.975164e-01,5,40,1.274653e+00,1.291349e+00,1.391346e+00,1.491329e+00,1
1,5.234426e-01,1,1,1,0,257,1.975164e-01,5,55,1.042213e+00,1.292216e+00,1.392205e+00,1.492200e+00,1
1,3.953788e-01,1,1,1,1,17,1.772733e-01,5,45,1.275365e+00,1.291993e+00,1.391979e+00,1.491974e+00,1
1,8.478484e-01,1,1,1,0,66,1.772733e-01,5,35,1.225009e+00,1.291625e+00,1.391613e+00,1.491653e+00,1
1,3.546268e-01,0,1,0,0,257,1.772733e-01,5,40,1.041462e+00,1.291453e+00,1.391451e+00,1.491448e+00,1
1,3.451470e-01,1,1,1,0,66,1.772733e-01,5,40,1.225105e+00,1.291777e+00,1.391738e+00,1.491750e+00,1
1,3.121223e-01,0,1,0,1,257,1.772733e-01,5,50,1.041227e+00,1.291200e+00,1.391196e+00,1.491193e+00,1
1,3.283428e-01,1,1,1,0,17,1.772733e-01,5,35,1.274699e+00,1.291382e+00,1.391364e+00,1.491403e+00,1
1,4.314153e-01,1,1,1,1,17,1.772733e-01,5,35,1.274586e+00,1.291246e+00,1.391243e+00,1.491254e+00,1
1,1.250976e+00,0,1,0,0,1000,1.591049e-01,5,45,2.915477e-01,1.291471e+00,1.391466e+00,1.491455e+00,1
1,3.657617e-01,0,1,0,1,66,1.591049e-01,5,35,1.224781e+00,1.291470e+00,1.391458e+00,1.491428e+00,1
1,7.795280e-01,0,1,0,1,66,1.591049e-01,5,35,1.224696e+00,1.291352e+00,1.391302e+00,1.491343e+00,1
1,4.249959e-01,0,1,0,0,257,1.591049e-01,5,50,1.041411e+00,1.291407e+00,1.391401e+00,1.491370e+00,1
1,3.090169e-01,0,1,0,1,17,1.591049e-01,5,40,1.274796e+00,1.291451e+00,1.391450e+00,1.491445e+00,1
1,3.020985e-01,0,1,0,0,257,1.591049e-01,5,50,1.041768e+00,1.291744e+00,1.391741e+00,1.491738e+00,1
1,3.111676e-01,0,1,0,1,1000,1.591049e-01,5,40,2.914698e-01,1.291355e+00,1.391357e+00,1.491353e+00,1
1,3.022205e-01,0,1,0,0,17,1.591049e-01,5,35,1.274817e+00,1.291506e+00,1.391507e+00,1.491499e+00,1
1,4.470312e-01,1,1,1,0,66,1.427985e-01,5,40,1.224766e+00,1.291441e+00,1.391436e+00,1.491397e+00,1
1,3.138851e-01,1,1,1,0,17,1.427985e-01,5,45,1.275087e+00,1.291763e+00,1.391760e+00,1.491758e+00,1
1,3.696864e-01,1,1,1,1,1000,1.427985e-01,5,40,2.916845e-01,1.291642e+00,1.391614e+00,1.491631e+00,1
1,4.001375e-01,0,1,0,0,17,1.427985e-01,5,55,1.274974e+00,1.291658e+00,1.391665e+00,1.491665e+00,1
1,0,0,0,0,0,0,0,0,0,0,0,0,0,0
1,0,0,0,0,0,0,0,0,0,0,0,0,0,0
1,0,0,0,0,0,0,0,0,0,0,0,0,0,0
1,0,0,0,0,0,0,0,0,0,0,0,0,0,0
1,0,0,0,0,0,0,0,0,0,0,0,0,0,0
1,0,0,0,0,0,0,0,0,0,0,0,0,0,0
1,0,0,0,0,0,0,0,0,0,0,0,0,0,0
1,0,0,0,0,0,0,0,0,0,0,0,0,0,0
1,0,0,0,0,0,0,0,0,0,0,0,0,0,0
1,0,0,0,0,0,0,0,0,0,0,0,0,0,0
1,0,0,0,0,0,0,0,0,0,0,0,0,0,0
1,0,0,0,0,0,0,0,0,0,0,0,0,0,0
1,0,0,0,0,0,0,0,0,0,0,0,0,0,0
1,0,0,0,0,0,0,0,0,0,0,0,0,0,0
1,0,0,0,0,0,0,0,0,0,0,0,0,0,0
1,0,0,0,0,0,0,0,0,0,0,0,0,0,0
1,0,0,0,0,0,0,0,0,0,0,0,0,0,0
1,0,0,0,0,0,0,0,0,0,0,0,0,0,0
1,0,0,0,0,0,0,0,0,0,0,0,0,0,0
1,0,0,0,0,0,0,0,0,0,0,0,0,0,0
1,0,0,0,0,0,0,0,0,0,0,0,0,0,0
1,0,0,0,0,0,0,0,0,0,0,0,0,0,0
1,0,0,0,0,0,0,0,0,0,0,0,0,0,0
1,0,0,0,0,0,0,0,0,0,0,0,0,0,0
1,0,0,0,0,0,0,0,0,0,0,0,0,0,0
1,0,0,0,0,0,0,0,0,0,0,0,0,0,0
1,0,0,0,0,0,0,0,0,0,0,0,0,0,0
1,0,0,0,0,0,0,0,0,0,0,0,0,0,0
1,0,0,0,0,0,0,0,0,0,0,0,0,0,0
1,0,0,0,0,0,0,0,0,0,0,0,0,0,0
1,0,0,0,0,0,0,0,0,0,0,0,0,0,0
1,0,0,0,0,0,0,0,0,0,0,0,0,0,0
1,6.634916e-01,0,1,0,1,1000,6.828491e-03,6,35,3.001679e-01,1.300106e+00,1.400101e+00,1.500094e+00,2
1,4.276341e-01,0,1,0,0,66,6.050728e-02,6,50,1.231314e+00,1.297961e+00,1.397956e+00,1.497959e+00,2
1,1.816663e+00,1,1,1,0,1000,2.874625e-01,6,45,2.980791e-01,1.298020e+00,1.397718e+00,1.498012e+00,2
1,4.469943e-01,0,1,0,0,17,6.050728e-02,6,55,1.281277e+00,1.297935e+00,1.397932e+00,1.497922e+00,2
1,3.236134e-01,0,1,0,0,66,1,6,55,1.231139e+00,1.297782e+00,1.397802e+00,1.497786e+00,2
1,3.978736e-01,0,1,0,0,257,6.050728e-02,6,45,1.048261e+00,1.298217e+00,1.398231e+00,1.498228e+00,2
1,3.481996e-01,0,0,1,0,66,6.828491e-03,6,50,1.230966e+00,1.297601e+00,1.397640e+00,1.497638e+00,2
1,8.048899e-01,1,1,1,1,1000,2.874625e-01,6,45,2.980006e-01,1.297940e+00,1.397950e+00,1.497949e+00,2
1,3.474293e-01,0,1,0,0,17,1.541245e-01,6,55,1.281229e+00,1.297859e+00,1.397858e+00,1.497849e+00,2
1,4.043504e-01,1,1,1,1,66,2.104876e-01,6,45,1.231264e+00,1.297913e+00,1.397910e+00,1.497908e+00,2
1,3.548412e-01,0,1,0,1,17,6.050728e-02,6,40,1.281299e+00,1.297961e+00,1.397969e+00,1.497945e+00,2
1,2.441264e-01,0,1,0,0,1000,7.322263e-01,6,35,2.980821e-01,1.298025e+00,1.398018e+00,1.498010e+00,2
1,4.646814e-01,0,1,0,1,17,3.244130e-02,6,35,1.281323e+00,1.297991e+00,1.397979e+00,1.497982e+00,2
1,3.486551e-01,1,1,1,0,17,2.874625e-01,6,50,1.281294e+00,1.297952e+00,1.397967e+00,1.497961e+00,2
1,3.253258e-01,1,1,1,0,257,7.322263e-01,6,55,1.047977e+00,1.297955e+00,1.397950e+00,1.497942e+00,2
1,4.555475e-01,1,1,1,1,257,1.128540e-01,6,35,1.047910e+00,1.297929e+00,1.397927e+00,1.497931e+00,2
1,4.679040e-01,0,1,0,1,1000,1.128540e-01,6,55,2.980803e-01,1.297978e+00,1.397973e+00,1.497966e+00,2
1,5.440960e-01,0,1,0,0,1000,2.375437e-02,6,35,2.979735e-01,1.297964e+00,1.397968e+00,1.497976e+00,2
1,4.486605e-01,0,0,1,1,66,3.244130e-02,6,50,1.231266e+00,1.297911e+00,1.397916e+00,1.497912e+00,2
1,3.412767e-01,1,1,1,1,257,6.050728e-02,6,35,1.047937e+00,1.297870e+00,1.397877e+00,1.497874e+00,2
1,2.788957e-01,1,1,1,1,66,3.244130e-02,6,45,1.231644e+00,1.298255e+00,1.398295e+00,1.498287e+00,2
1,2.982433e-01,1,0,0,0,257,1.273603e-02,6,55,1.047979e+00,1.297922e+00,1.397940e+00,1.497912e+00,2
1,3.565620e-01,1,1,1,1,66,2.874625e-01,6,35,1.231253e+00,1.297912e+00,1.397906e+00,1.497912e+00,2
1,7.414208e-01,0,0,1,0,17,1.128540e-01,6,50,1.281611e+00,1.298261e+00,1.398237e+00,1.498259e+00,2
1,3.742512e-01,1,1,1,1,17,8.263468e-02,6,55,1.281102e+00,1.297754e+00,1.397747e+00,1.497750e+00,2
1,6.064099e-01,1,0,0,1,257,5.000000e-03,6,40,1.048283e+00,1.298229e+00,1.398225e+00,1.498204e+00,2
1,6.052080e-01,0,0,1,0,66,2.375437e-02,6,50,1.231285e+00,1.297940e+00,1.397930e+00,1.497934e+00,2
1,4.200628e-01,1,1,1,0,17,3.925870e-01,6,35,1.281240e+00,1.297920e+00,1.397916e+00,1.497910e+00,2
1,2.496765e-01,1,1,1,1,1000,5.361553e-01,6,40,2.980290e-01,1.297937e+00,1.397920e+00,1.497908e+00,2
1,3.742811e-01,0,0,1,0,1000,2.375437e-02,6,50,2.979964e-01,1.297934e+00,1.397910e+00,1.497921e+00,2
1,4.542384e-01,1,1,1,1,1000,2.375437e-02,6,40,2.980296e-01,1.297913e+00,1.397906e+00,1.498014e+00,2
1,2.591277e-01,1,1,1,1,17,3.925870e-01,6,35,1.281330e+00,1.297970e+00,1.397976e+00,1.497970e+00,2
1,2.479566e-01,1,1,1,1,1000,2.874625e-01,6,35,2.983188e-01,1.298234e+00,1.398244e+00,1.498237e+00,2
1,2.928088e-01,0,1,0,1,1000,1.739357e-02,6,35,2.980701e-01,1.298031e+00,1.398025e+00,1.498020e+00,2
1,2.471111e-01,0,1,0,1,17,2.104876e-01,6,45,1.281322e+00,1.297972e+00,1.397972e+00,1.497966e+00,2
1,2.199378e-01,0,1,0,1,66,1.128540e-01,6,55,1.231225e+00,1.297896e+00,1.397883e+00,1.497889e+00,2
1,2.817422e-01,1,1,1,0,66,7.322263e-01,6,35,1.231334e+00,1.297984e+00,1.397986e+00,1.497980e+00,2
1,2.215460e-01,0,1,0,1,1000,2.104876e-01,6,40,2.979925e-01,1.297923e+00,1.397928e+00,1.497927e+00,2
1,4.511964e-01,0,1,0,1,257,1.128540e-01,6,50,1.048001e+00,1.297973e+00,1.397972e+00,1.497960e+00,2
1,4.239080e-01,1,1,1,1,1000,5.000000e-03,6,35,2.980139e-01,1.297950e+00,1.397950e+00,1.497940e+00,2
1,2.139862e-01,0,1,0,1,257,5.361553e-01,6,50,1.048289e+00,1.298262e+00,1.398255e+00,1.498252e+00,2
1,6.198519e-01,1,1,1,1,17,6.828491e-03,6,35,1.281353e+00,1.297987e+00,1.397983e+00,1.497936e+00,2
1,2.901985e-01,1,1,1,0,66,5.361553e-01,6,35,1.231312e+00,1.297944e+00,1.397995e+00,1.497991e+00,2
1,2.373737e-01,0,1,0,0,66,2.104876e-01,6,50,1.231613e+00,1.298242e+00,1.398263e+00,1.498256e+00,2
1,2.589478e-01,0,1,0,0,1000,7.322263e-01,6,35,2.980061e-01,1.297934e+00,1.397956e+00,1.497953e+00,2
1,1.915737e-01,1,1,1,1,1000,1,6,40,2.983761e-01,1.298265e+00,1.398301e+00,1.498306e+00,2
1,2.947334e-01,1,0,0,0,1000,6.828491e-03,6,35,2.983251e-01,1.298264e+00,1.398250e+00,1.498239e+00,2
1,3.695599e-01,1,1,1,1,257,4.430502e-02,6,55,1.047998e+00,1.298000e+00,1.397994e+00,1.497988e+00,2
1,3.460205e-01,1,1,1,0,1000,1.273603e-02,6,40,2.979910e-01,1.297960e+00,1.397963e+00,1.497926e+00,2
1,3.944322e-01,0,0,1,1,257,2.375437e-02,6,40,1.047991e+00,1.297960e+00,1.397962e+00,1.497952e+00,2
1,5.211111e-01,1,1,1,1,17,1.739357e-02,6,35,1.281235e+00,1.297866e+00,1.397597e+00,1.497866e+00,2
1,4.513621e-01,1,1,1,1,17,6.828491e-03,6,40,1.281269e+00,1.297896e+00,1.397907e+00,1.497903e+00,2
1,2.959493e-01,0,1,0,1,17,7.322263e-01,6,40,1.281300e+00,1.297954e+00,1.397940e+00,1.497945e+00,2
1,3.463308e-01,0,1,0,0,17,2.874625e-01,6,35,1.281303e+00,1.297982e+00,1.397963e+00,1.497989e+00,2
1,4.192544e-01,1,0,0,1,257,1.128540e-01,6,45,1.048003e+00,1.297973e+00,1.397973e+00,1.497947e+00,2
1,4.814042e-01,0,0,1,0,66,2.375437e-02,6,50,1.231310e+00,1.298014e+00,1.397973e+00,1.498002e+00,2
1,3.808038e-01,1,1,1,0,66,4.430502e-02,6,45,1.231221e+00,1.297892e+00,1.397889e+00,1.497883e+00,2
1,2.516838e-01,1,1,1,0,257,1.739357e-02,6,40,1.047982e+00,1.297936e+00,1.397948e+00,1.497929e+00,2
1,2.966022e-01,0,1,0,1,1000,1,6,50,2.980142e-01,1.297950e+00,1.397948e+00,1.497938e+00,2
1,4.354133e-01,0,0,1,0,257,5.000000e-03,6,45,1.047898e+00,1.297872e+00,1.397825e+00,1.497822e+00,2
1,3.367127e-01,0,0,1,1,1000,6.828491e-03,6,55,2.980366e-01,1.297935e+00,1.397942e+00,1.497966e+00,2
1,3.061678e-01,1,1,1,0,66,5.361553e-01,6,40,1.231412e+00,1.298045e+00,1.398048e+00,1.498036e+00,2
1,2.926223e-01,1,0,0,0,66,1.273603e-02,6,40,1.231331e+00,1.297984e+00,1.397938e+00,1.497977e+00,2
1,3.842572e-01,1,1,1,1,66,6.050728e-02,6,45,1.231654e+00,1.298305e+00,1.398307e+00,1.498316e+00,2
1,3.043244e-01,1,1,1,0,17,3.925870e-01,7,50,1.283729e+00,1.300400e+00,1.400397e+00,1.500306e+00,2
1,3.147901e-01,1,1,1,0,257,1.739357e-02,7,50,1.047960e+00,1.297951e+00,1.397950e+00,1.497946e+00,2
1,3.407771e-01,1,0,0,0,17,1.273603e-02,7,50,1.281273e+00,1.297944e+00,1.397899e+00,1.497934e+00,2
1,3.421753e-01,1,1,1,0,66,1,7,55,1.231618e+00,1.298301e+00,1.398300e+00,1.498301e+00,2
1,5.278674e-01,0,0,1,1,17,3.925870e-01,7,35,1.281529e+00,1.298183e+00,1.398175e+00,1.498174e+00,2
1,4.570450e-01,1,1,1,0,257,6.050728e-02,7,45,1.048057e+00,1.298026e+00,1.398036e+00,1.498027e+00,2
1,2.536389e-01,1,1,1,1,257,7.322263e-01,7,40,1.048278e+00,1.298273e+00,1.398273e+00,1.498263e+00,2
1,2.584817e-01,1,1,1,1,66,3.925870e-01,7,40,1.231289e+00,1.297963e+00,1.397964e+00,1.497955e+00,2
1,3.592578e-01,1,1,1,0,1000,1.128540e-01,7,40,2.980791e-01,1.298017e+00,1.397981e+00,1.497974e+00,2
1,3.190205e-01,1,0,0,1,66,1.273603e-02,7,35,1.231267e+00,1.297898e+00,1.397940e+00,1.497933e+00,2
1,6.489962e-01,1,1,1,0,66,8.263468e-02,7,40,1.231288e+00,1.297902e+00,1.397900e+00,1.497874e+00,2
1,5.018381e-01,0,1,0,1,17,1.541245e-01,7,40,1.281307e+00,1.297978e+00,1.397978e+00,1.497968e+00,2
1,6.166870e-01,1,1,1,0,66,1.541245e-01,7,55,1.231268e+00,1.297970e+00,1.397956e+00,1.497949e+00,2
1,3.904928e-01,0,1,0,0,1000,5.000000e-03,7,55,2.979644e-01,1.297904e+00,1.397911e+00,1.497915e+00,2
1,3.502700e-01,0,1,0,1,257,1.739357e-02,7,40,1.048337e+00,1.298311e+00,1.398309e+00,1.498300e+00,2
1,2.865917e-01,1,1,1,1,1000,3.925870e-01,7,40,2.978865e-01,1.297829e+00,1.397818e+00,1.497815e+00,2
1,1.345965e+00,1,1,1,1,257,1.541245e-01,7,50,1.047988e+00,1.297959e+00,1.397965e+00,1.497945e+00,2
1,4.670576e-01,1,0,0,1,17,6.828491e-03,7,45,1.281334e+00,1.297982e+00,1.397986e+00,1.497982e+00,2
1,5.986144e-01,1,0,0,0,17,8.263468e-02,7,55,1.281324e+00,1.297976e+00,1.397979e+00,1.497972e+00,2
1,3.095424e-01,0,1,0,1,17,6.050728e-02,7,40,1.281314e+00,1.297699e+00,1.397971e+00,1.497965e+00,2
1,5.114798e-01,0,1,0,0,66,8.263468e-02,7,55,1.231253e+00,1.297938e+00,1.397938e+00,1.497943e+00,2
1,1.425390e+00,0,1,0,0,17,2.104876e-01,7,40,1.281350e+00,1.297964e+00,1.397709e+00,1.497997e+00,2
1,3.674325e-01,1,1,1,0,257,5.361553e-01,7,45,1.047971e+00,1.297946e+00,1.397948e+00,1.497958e+00,2
1,9.913584e-01,0,1,0,1,257,6.828491e-03,7,50,1.047914e+00,1.297903e+00,1.397926e+00,1.497917e+00,2
1,5.351574e-01,0,1,0,0,17,3.244130e-02,7,40,1.281593e+00,1.298289e+00,1.398283e+00,1.498283e+00,2
1,3.444745e-01,0,1,0,1,1000,3.244130e-02,7,55,2.980843e-01,1.297988e+00,1.397996e+00,1.497995e+00,2
1,2.889573e-01,0,0,1,1,17,4.430502e-02,7,55,1.281298e+00,1.298001e+00,1.398028e+00,1.497988e+00,2
1,1.036312e+00,1,1,1,0,1000,8.263468e-02,7,40,2.979958e-01,1.297880e+00,1.397875e+00,1.497873e+00,2
1,1.265869e+00,0,0,1,1,66,2.104876e-01,7,55,1.231271e+00,1.297951e+00,1.397926e+00,1.497945e+00,2
1,4.697121e-01,1,1,1,1,1000,2.104876e-01,7,35,2.980788e-01,1.298002e+00,1.398015e+00,1.498012e+00,2
1,4.740548e-01,0,1,0,1,257,8.263468e-02,7,55,1.048021e+00,1.297993e+00,1.397930e+00,1.497923e+00,2
1,3.661538e-01,1,0,0,1,17,1.128540e-01,7,45,1.281594e+00,1.298242e+00,1.398242e+00,1.498236e+00,2
1,3.422166e-01,1,1,1,1,1000,5.361553e-01,7,35,2.980311e-01,1.297991e+00,1.397984e+00,1.497980e+00,2
1,1.366704e+00,0,1,0,0,66,3.244130e-02,7,45,1.231350e+00,1.297997e+00,1.397990e+00,1.497982e+00,2
1,6.065702e-01,1,0,0,1,257,6.050728e-02,7,50,1.047953e+00,1.297910e+00,1.397920e+00,1.497918e+00,2
1,1.341103e+00,0,1,0,0,1000,1.273603e-02,7,35,2.978817e-01,1.297794e+00,1.397809e+00,1.497804e+00,2
1,1.062850e+00,1,1,1,0,66,5.000000e-03,7,45,1.231280e+00,1.297925e+00,1.397944e+00,1.497942e+00,2
1,4.267512e-01,0,1,0,1,17,3.925870e-01,7,50,1.281189e+00,1.297860e+00,1.397861e+00,1.497852e+00,2
1,3.441802e-01,1,1,1,0,17,3.244130e-02,7,35,1.281258e+00,1.297913e+00,1.397910e+00,1.497903e+00,2
1,4.650464e-01,0,1,0,1,1000,6.050728e-02,7,50,2.980903e-01,1.298046e+00,1.398045e+00,1.498006e+00,2
1,1.004838e+00,0,0,1,1,17,9.325657e-03,7,55,1.281016e+00,1.297962e+00,1.397964e+00,1.497954e+00,2
1,3.313685e-01,1,1,1,1,257,1,7,40,1.047931e+00,1.297909e+00,1.397913e+00,1.497907e+00,2
1,1.212991e+00,1,1,1,1,1000,2.375437e-02,7,35,2.980453e-01,1.297986e+00,1.397978e+00,1.497971e+00,2
1,3.870535e-01,0,1,0,1,66,3.925870e-01,7,35,1.231249e+00,1.297904e+00,1.397903e+00,1.497894e+00,2
1,3.141761e-01,0,1,0,0,257,1.128540e-01,7,50,1.047994e+00,1.297961e+00,1.397986e+00,1.497979e+00,2
1,7.163085e-01,1,1,1,1,17,1.739357e-02,7,45,1.281359e+00,1.297940e+00,1.397980e+00,1.497971e+00,2
1,4.706596e-01,1,1,1,0,66,1.541245e-01,7,50,1.231300e+00,1.297971e+00,1.397970e+00,1.497963e+00,2
1,2.903935e-01,0,0,1,1,66,9.325657e-03,7,50,1.231315e+00,1.298006e+00,1.397995e+00,1.497982e+00,2
1,4.855757e-01,1,1,1,0,257,4.430502e-02,7,45,1.048369e+00,1.298095e+00,1.398365e+00,1.498356e+00,2
1,3.133801e-01,1,1,1,1,1000,5.361553e-01,7,55,2.979934e-01,1.297953e+00,1.397930e+00,1.497911e+00,2
1,4.829901e-01,1,1,1,0,66,1.128540e-01,7,35,1.231322e+00,1.297972e+00,1.397970e+00,1.497959e+00,2
1,5.587595e-01,1,1,1,0,17,1.739357e-02,7,40,1.281350e+00,1.298003e+00,1.398001e+00,1.497999e+00,2
1,3.272259e-01,0,1,0,0,66,2.104876e-01,7,45,1.231283e+00,1.297951e+00,1.397954e+00,1.497948e+00,2
1,6.006446e-01,1,1,1,1,1000,2.375437e-02,7,50,2.979804e-01,1.297912e+00,1.397905e+00,1.497835e+00,2
1,3.435882e-01,1,0,0,0,66,5.000000e-03,7,45,1.231373e+00,1.298034e+00,1.398016e+00,1.498001e+00,2
1,3.122328e-01,0,1,0,1,66,3.925870e-01,7,40,1.231352e+00,1.298004e+00,1.397997e+00,1.497997e+00,2
1,3.460565e-01,0,1,0,0,17,1.739357e-02,7,55,1.281230e+00,1.297934e+00,1.397922e+00,1.497909e+00,2
1,4.986621e-01,0,0,1,1,17,5.000000e-03,7,50,1.281182e+00,1.297835e+00,1.397829e+00,1.497811e+00,2
1,8.696092e-01,0,0,1,1,257,1.739357e-02,7,50,1.048033e+00,1.298005e+00,1.398028e+00,1.498017e+00,2
1,3.773760e-01,1,0,0,1,1000,5.000000e-03,7,55,2.980574e-01,1.298016e+00,1.398008e+00,1.498002e+00,2
1,2.248718e-01,0,1,0,0,257,5.361553e-01,7,35,1.047949e+00,1.297924e+00,1.397901e+00,1.497914e+00,2
1,3.108413e-01,0,1,0,0,66,1.739357e-02,7,35,1.231649e+00,1.298285e+00,1.398302e+00,1.498293e+00,2
1,3.614266e-01,1,1,1,1,1000,2.104876e-01,7,40,2.980492e-01,1.298024e+00,1.397991e+00,1.497996e+00,2
1,4.168647e-01,0,1,0,0,66,3.244130e-02,7,55,1.231095e+00,1.297751e+00,1.397746e+00,1.497742e+00,2
1,4.291937e-01,0,1,0,1,257,1.739357e-02,8,35,1.041936e+00,1.291915e+00,1.391932e+00,1.491924e+00,2
1,3.864043e-01,1,1,1,1,257,6.828491e-03,8,55,1.047905e+00,1.297894e+00,1.397887e+00,1.497867e+00,2
1,3.377967e-01,1,0,0,0,66,6.828491e-03,8,55,1.231394e+00,1.298003e+00,1.397749e+00,1.498016e+00,2
1,4.434446e-01,1,0,0,1,257,1,8,40,1.048096e+00,1.298068e+00,1.398068e+00,1.498047e+00,2
1,4.160899e-01,0,1,0,1,17,2.104876e-01,8,45,1.281279e+00,1.297906e+00,1.397903e+00,1.497901e+00,2
1,3.902797e-01,1,1,1,1,257,8.263468e-02,8,35,1.048001e+00,1.297954e+00,1.397969e+00,1.497955e+00,2
1,3.816661e-01,1,1,1,0,257,6.050728e-02,8,35,1.048281e+00,1.298236e+00,1.398191e+00,1.498230e+00,2
1,4.927120e-01,1,1,1,1,17,1.128540e-01,8,50,1.281269e+00,1.297935e+00,1.397938e+00,1.497942e+00,2
1,4.073682e-01,1,1,1,1,66,1.273603e-02,8,50,1.231234e+00,1.297868e+00,1.397865e+00,1.497861e+00,2
1,3.820703e-01,1,1,1,0,1000,3.925870e-01,8,45,2.979729e-01,1.297654e+00,1.397919e+00,1.497912e+00,2
1,3.815303e-01,0,1,0,0,66,1.128540e-01,8,50,1.231291e+00,1.297954e+00,1.397938e+00,1.497889e+00,2
1,4.447456e-01,1,0,0,0,257,1.739357e-02,8,50,1.048037e+00,1.298002e+00,1.398009e+00,1.498005e+00,2
1,2.896509e-01,1,1,1,0,66,1,8,50,1.231331e+00,1.297961e+00,1.397938e+00,1.497976e+00,2
1,5.009353e-01,1,1,1,0,66,6.828491e-03,8,35,1.231592e+00,1.298282e+00,1.398270e+00,1.498260e+00,2
1,4.473994e-01,1,1,1,0,66,3.244130e-02,8,35,1.231282e+00,1.297944e+00,1.397918e+00,1.497948e+00,2
1,5.804084e-01,1,1,1,0,257,2.874625e-01,8,55,1.048031e+00,1.298030e+00,1.398039e+00,1.498033e+00,2
1,4.840764e-01,0,1,0,1,17,7.322263e-01,8,45,1.281350e+00,1.297988e+00,1.397982e+00,1.497969e+00,2
1,5.428442e-01,1,0,0,1,66,1.128540e-01,8,40,1.231205e+00,1.297889e+00,1.397886e+00,1.497879e+00,2
1,1.088638e+00,1,1,1,0,1000,3.925870e-01,8,55,2.983553e-01,1.298312e+00,1.398311e+00,1.498321e+00,2
1,5.558630e-01,0,1,0,1,17,1.541245e-01,8,35,1.281376e+00,1.297971e+00,1.398045e+00,1.497999e+00,2
1,4.847652e-01,1,1,1,0,66,5.000000e-03,8,35,1.231354e+00,1.298025e+00,1.398029e+00,1.498019e+00,2
1,5.036362e-01,0,1,0,1,66,1.128540e-01,8,40,1.231305e+00,1.297991e+00,1.398001e+00,1.497995e+00,2
1,5.468190e-01,0,1,0,0,17,9.325657e-03,8,40,1.281177e+00,1.297860e+00,1.397857e+00,1.497850e+00,2
1,3.315354e-01,1,1,1,1,1000,1,8,55,2.980284e-01,1.297985e+00,1.397979e+00,1.497972e+00,2
1,3.485195e-01,1,1,1,1,66,1.739357e-02,8,55,1.231323e+00,1.297983e+00,1.397979e+00,1.497969e+00,2
1,3.894967e-01,1,1,1,1,17,7.322263e-01,8,45,1.281376e+00,1.298047e+00,1.398031e+00,1.498031e+00,2
1,4.290775e-01,0,0,1,0,1000,6.828491e-03,8,45,2.979711e-01,1.297916e+00,1.397912e+00,1.497894e+00,2
1,3.219131e-01,1,0,0,0,17,1.128540e-01,8,50,1.281333e+00,1.297990e+00,1.397986e+00,1.497983e+00,2
1,4.039492e-01,0,1,0,1,66,1.739357e-02,8,35,1.231386e+00,1.298040e+00,1.398040e+00,1.498033e+00,2
1,1.322798e+00,1,1,1,1,1000,6.050728e-02,8,35,2.980139e-01,1.297956e+00,1.397952e+00,1.497948e+00,2
1,4.291741e-01,1,1,1,0,66,9.325657e-03,8,45,1.231355e+00,1.298026e+00,1.398019e+00,1.498020e+00,2
1,3.384625e-01,0,1,0,1,1000,1.739357e-02,8,55,2.980393e-01,1.297977e+00,1.397697e+00,1.497967e+00,2
1,2.514954e-01,1,1,1,1,257,1,8,55,1.047881e+00,1.297874e+00,1.397869e+00,1.497868e+00,2
1,4.322360e-01,1,0,0,1,66,2.375437e-02,8,35,1.231257e+00,1.297906e+00,1.397906e+00,1.497873e+00,2
1,3.578002e-01,1,0,0,1,66,1.273603e-02,8,45,1.231354e+00,1.298005e+00,1.398009e+00,1.497990e+00,2
1,3.825901e-01,0,0,1,0,17,9.325657e-03,8,55,1.281625e+00,1.298302e+00,1.398245e+00,1.498281e+00,2
1,4.936139e-01,1,1,1,0,17,1.541245e-01,8,35,1.281231e+00,1.297885e+00,1.397884e+00,1.497872e+00,2
1,3.445843e-01,0,1,0,1,257,2.104876e-01,8,50,1.048070e+00,1.298061e+00,1.398036e+00,1.498062e+00,2
1,4.089922e-01,0,1,0,1,17,9.325657e-03,8,40,1.281300e+00,1.297971e+00,1.397977e+00,1.497967e+00,2
1,3.439665e-01,0,1,0,1,66,1,8,45,1.231640e+00,1.298294e+00,1.398295e+00,1.498288e+00,2
1,2.808559e-01,0,1,0,0,1000,1,8,45,2.979792e-01,1.298005e+00,1.397991e+00,1.497951e+00,2
1,3.078038e-01,0,0,1,1,1000,6.828491e-03,8,50,2.980966e-01,1.298002e+00,1.397948e+00,1.497996e+00,2
1,3.583426e-01,0,0,1,1,1000,1.739357e-02,8,45,2.983188e-01,1.298248e+00,1.398254e+00,1.498258e+00,2
1,4.070815e-01,1,0,0,1,17,9.325657e-03,8,45,1.281562e+00,1.298192e+00,1.398211e+00,1.498208e+00,2
1,2.703643e-01,1,1,1,1,257,5.361553e-01,8,45,1.047849e+00,1.297516e+00,1.397809e+00,1.497778e+00,2
1,3.703444e-01,0,1,0,1,1000,2.375437e-02,8,55,2.979828e-01,1.297923e+00,1.397936e+00,1.497936e+00,2
1,3.139908e-01,1,1,1,0,1000,1,8,35,2.979170e-01,1.297864e+00,1.397814e+00,1.497863e+00,2
1,3.322218e-01,1,1,1,1,17,7.322263e-01,8,55,1.281301e+00,1.297954e+00,1.397953e+00,1.497944e+00,2
1,3.412848e-01,0,1,0,0,1000,2.104876e-01,8,50,2.980975e-01,1.298002e+00,1.398019e+00,1.498009e+00,2
1,4.951866e-01,1,0,0,0,17,6.828491e-03,8,45,1.281612e+00,1.298234e+00,1.398262e+00,1.498257e+00,2
1,3.134176e-01,1,1,1,1,257,2.104876e-01,8,45,1.047564e+00,1.297538e+00,1.397533e+00,1.497527e+00,2
1,4.515033e-01,0,1,0,0,257,1.541245e-01,8,50,1.048051e+00,1.298024e+00,1.398018e+00,1.497996e+00,2
1,8.480772e-01,1,1,1,1,17,1.273603e-02,8,40,1.281252e+00,1.297912e+00,1.397901e+00,1.497897e+00,2
1,3.653446e-01,1,1,1,0,1000,5.361553e-01,8,50,2.980296e-01,1.297999e+00,1.397995e+00,1.497992e+00,2
1,3.248797e-01,0,1,0,1,66,6.828491e-03,8,55,1.231450e+00,1.298103e+00,1.398103e+00,1.498091e+00,2
1,2.632959e-01,1,0,0,0,257,3.244130e-02,8,55,1.048275e+00,1.298251e+00,1.398245e+00,1.498241e+00,2
1,2.909063e-01,0,0,1,0,66,1.273603e-02,8,50,1.231273e+00,1.297967e+00,1.397962e+00,1.497955e+00,2
1,6.626241e-01,1,1,1,0,1000,6.828491e-03,8,40,2.982965e-01,1.298188e+00,1.398180e+00,1.498134e+00,2
1,5.306019e-01,0,1,0,1,257,8.263468e-02,8,35,1.048042e+00,1.298009e+00,1.398012e+00,1.498007e+00,2
1,4.035595e-01,0,1,0,1,17,5.361553e-01,8,45,1.281376e+00,1.298013e+00,1.398026e+00,1.498018e+00,2
1,3.383690e-01,1,1,1,0,66,1.541245e-01,8,45,1.231301e+00,1.297960e+00,1.397948e+00,1.497941e+00,2
1,3.877173e-01,0,1,0,0,257,4.430502e-02,8,50,1.047953e+00,1.297910e+00,1.397923e+00,1.497916e+00,2
1,2.990493e-01,1,1,1,0,17,6.050728e-02,8,45,1.281376e+00,1.298028e+00,1.397980e+00,1.498019e+00,2
1,3.656926e-01,0,1,0,0,1000,6.050728e-02,8,40,2.980097e-01,1.297946e+00,1.397983e+00,1.497975e+00,2
1,3.757683e-01,0,1,0,1,257,5.904521e-02,9,40,1.047190e+00,1.297165e+00,1.397160e+00,1.497154e+00,1
1,3.494580e-01,1,1,1,0,66,1.427985e-01,9,50,1.224338e+00,1.290969e+00,1.390970e+00,1.490964e+00,1
1,2.839855e-01,1,0,0,1,17,1.427985e-01,9,45,1.275136e+00,1.291792e+00,1.391788e+00,1.491787e+00,1
1,3.576311e-01,1,0,0,0,17,5.396169e-02,9,35,1.274574e+00,1.291500e+00,1.391496e+00,1.491495e+00,1
1,7.162650e-01,0,1,0,1,17,5.396169e-02,9,35,1.274526e+00,1.291180e+00,1.391180e+00,1.491159e+00,1
1,5.483726e-01,0,0,1,0,66,1.427985e-01,9,55,1.224655e+00,1.291276e+00,1.391299e+00,1.491282e+00,1
1,5.152384e-01,1,1,1,1,1000,5.396169e-02,9,45,2.912199e-01,1.291155e+00,1.391134e+00,1.491139e+00,1
1,5.792031e-01,1,1,1,1,66,1.591049e-01,9,35,1.224764e+00,1.291459e+00,1.391459e+00,1.491450e+00,1
1,3.926712e-01,1,1,1,1,66,1.591049e-01,9,35,1.224774e+00,1.291430e+00,1.391433e+00,1.491414e+00,1
1,3.248504e-01,0,1,0,1,257,1.591049e-01,9,40,1.041425e+00,1.291401e+00,1.391367e+00,1.491386e+00,1
1,3.810410e-01,1,1,1,1,257,1.591049e-01,9,55,1.041901e+00,1.291889e+00,1.391911e+00,1.491900e+00,1
1,5.625299e-01,1,0,0,0,17,1.591049e-01,9,35,1.274854e+00,1.291540e+00,1.391547e+00,1.491485e+00,1
1,3.682674e-01,1,1,1,0,1000,5.396169e-02,9,40,2.912350e-01,1.291167e+00,1.391160e+00,1.491156e+00,1
1,4.384040e-01,1,1,1,1,1000,1.772733e-01,9,40,2.917454e-01,1.291694e+00,1.391675e+00,1.491666e+00,1
1,4.417733e-01,1,1,1,0,17,1.591049e-01,9,50,1.275093e+00,1.291741e+00,1.391747e+00,1.491740e+00,1
1,5.011556e-01,1,1,1,1,17,1.591049e-01,9,35,1.275336e+00,1.291977e+00,1.391975e+00,1.491982e+00,1
1,1.013950e+00,1,1,1,0,1000,1.591049e-01,9,55,2.920388e-01,1.291983e+00,1.391976e+00,1.491970e+00,1
1,1.090066e+00,0,0,1,1,17,1.591049e-01,9,45,1.275027e+00,1.291681e+00,1.391678e+00,1.491674e+00,1
1,5.555017e-01,1,0,0,0,17,5.396169e-02,9,50,1.274548e+00,1.291199e+00,1.391219e+00,1.491196e+00,1
1,5.538044e-01,1,0,0,0,66,5.396169e-02,9,45,1.224651e+00,1.291304e+00,1.391256e+00,1.491301e+00,1
1,5.848477e-01,1,0,0,0,66,5.396169e-02,9,35,1.224791e+00,1.291462e+00,1.391406e+00,1.491410e+00,1
1,8.541522e-01,0,1,0,1,66,5.396169e-02,9,45,1.224630e+00,1.291282e+00,1.391279e+00,1.491244e+00,1
1,4.410772e-01,1,1,1,1,257,1.772733e-01,9,35,1.041934e+00,1.291896e+00,1.391905e+00,1.491896e+00,1
1,5.720590e-01,0,0,1,0,17,1.772733e-01,9,55,1.275159e+00,1.291812e+00,1.391794e+00,1.491800e+00,1
1,4.021291e-01,1,1,1,1,17,4.843125e-02,9,40,1.274194e+00,1.290890e+00,1.390884e+00,1.490859e+00,1
1,7.428262e-01,0,0,1,0,1000,1.772733e-01,9,55,2.915287e-01,1.291495e+00,1.391485e+00,1.491480e+00,1
1,3.654632e-01,1,1,1,0,17,4.346763e-02,9,35,1.274563e+00,1.291214e+00,1.391216e+00,1.491210e+00,1
1,6.035831e-01,0,1,0,0,1000,1.975164e-01,9,40,2.915529e-01,1.291450e+00,1.391446e+00,1.491452e+00,1
1,3.926196e-01,1,1,1,1,17,1.975164e-01,9,45,1.275054e+00,1.291732e+00,1.391724e+00,1.491725e+00,1
1,1.213850e+00,1,1,1,1,257,1.975164e-01,9,45,1.041895e+00,1.291869e+00,1.391866e+00,1.491858e+00,1
1,4.095702e-01,0,1,0,1,257,1.975164e-01,9,35,1.041402e+00,1.291377e+00,1.391372e+00,1.491368e+00,1
1,4.061394e-01,0,1,0,1,1000,1.975164e-01,9,35,2.922338e-01,1.292199e+00,1.392191e+00,1.492167e+00,1
1,0,0,0,0,0,0,0,0,0,0,0,0,0,0
1,0,0,0,0,0,0,0,0,0,0,0,0,0,0
1,0,0,0,0,0,0,0,0,0,0,0,0,0,0
1,0,0,0,0,0,0,0,0,0,0,0,0,0,0
1,0,0,0,0,0,0,0,0,0,0,0,0,0,0
1,0,0,0,0,0,0,0,0,0,0,0,0,0,0
1,0,0,0,0,0,0,0,0,0,0,0,0,0,0
1,0,0,0,0,0,0,0,0,0,0,0,0,0,0
1,0,0,0,0,0,0,0,0,0,0,0,0,0,0
1,0,0,0,0,0,0,0,0,0,0,0,0,0,0
1,0,0,0,0,0,0,0,0,0,0,0,0,0,0
1,0,0,0,0,0,0,0,0,0,0,0,0,0,0
1,0,0,0,0,0,0,0,0,0,0,0,0,0,0
1,0,0,0,0,0,0,0,0,0,0,0,0,0,0
1,0,0,0,0,0,0,0,0,0,0,0,0,0,0
1,0,0,0,0,0,0,0,0,0,0,0,0,0,0
1,0,0,0,0,0,0,0,0,0,0,0,0,0,0
1,0,0,0,0,0,0,0,0,0,0,0,0,0,0
1,0,0,0,0,0,0,0,0,0,0,0,0,0,0
1,0,0,0,0,0,0,0,0,0,0,0,0,0,0
1,0,0,0,0,0,0,0,0,0,0,0,0,0,0
1,0,0,0,0,0,0,0,0,0,0,0,0,0,0
1,0,0,0,0,0,0,0,0,0,0,0,0,0,0
1,0,0,0,0,0,0,0,0,0,0,0,0,0,0
1,0,0,0,0,0,0,0,0,0,0,0,0,0,0
1,0,0,0,0,0,0,0,0,0,0,0,0,0,0
1,0,0,0,0,0,0,0,0,0,0,0,0,0,0
1,0,0,0,0,0,0,0,0,0,0,0,0,0,0
1,0,0,0,0,0,0,0,0,0,0,0,0,0,0
1,0,0,0,0,0,0,0,0,0,0,0,0,0,0
1,0,0,0,0,0,0,0,0,0,0,0,0,0,0
1,0,0,0,0,0,0,0,0,0,0,0,0,0,0
1,7.320463e-01,0,0,1,1,257,6.828491e-03,10,55,1.043537e+00,1.293500e+00,1.393519e+00,1.493513e+00,2
1,1.197386e+00,0,1,0,0,66,5.000000e-03,10,40,1.231310e+00,1.297976e+00,1.397978e+00,1.497984e+00,2
1,4.123204e-01,0,0,1,1,1000,5.000000e-03,10,40,2.980556e-01,1.297974e+00,1.397987e+00,1.497970e+00,2
1,3.859442e-01,0,1,0,1,257,2.874625e-01,10,55,1.047937e+00,1.297900e+00,1.397866e+00,1.497877e+00,2
1,4.572415e-01,1,1,1,0,257,5.361553e-01,10,45,1.048018e+00,1.297990e+00,1.397987e+00,1.497978e+00,2
1,2.301550e-01,0,1,0,0,257,1,10,45,1.048011e+00,1.298017e+00,1.398002e+00,1.498004e+00,2
1,2.596064e-01,1,1,1,1,66,2.375437e-02,10,35,1.231267e+00,1.297929e+00,1.397900e+00,1.497915e+00,2
1,2.239137e-01,0,1,0,1,1000,2.874625e-01,10,40,2.980508e-01,1.297938e+00,1.397950e+00,1.497947e+00,2
1,4.054847e-01,1,1,1,1,66,6.828491e-03,10,55,1.231654e+00,1.298297e+00,1.398297e+00,1.498293e+00,2
1,2.923108e-01,0,0,1,0,17,5.000000e-03,10,50,1.281239e+00,1.297965e+00,1.397954e+00,1.497949e+00,2
1,2.634405e-01,1,1,1,1,1000,1,10,50,2.983224e-01,1.298256e+00,1.398270e+00,1.498248e+00,2
1,3.154967e-01,1,1,1,0,66,1.128540e-01,10,45,1.231341e+00,1.298012e+00,1.398010e+00,1.498004e+00,2
1,3.015440e-01,1,0,0,1,66,2.375437e-02,10,35,1.231249e+00,1.297910e+00,1.397907e+00,1.497897e+00,2
1,2.881063e-01,1,1,1,1,1000,3.925870e-01,10,45,2.979973e-01,1.297934e+00,1.397950e+00,1.497949e+00,2
1,2.676090e-01,1,1,1,1,257,5.361553e-01,10,45,1.048064e+00,1.298017e+00,1.398016e+00,1.498027e+00,2
1,2.316531e-01,0,1,0,0,17,7.322263e-01,10,35,1.281156e+00,1.297833e+00,1.397818e+00,1.497827e+00,2
1,1.221235e+00,0,1,0,0,257,1.128540e-01,10,35,1.047790e+00,1.297746e+00,1.397764e+00,1.497755e+00,2
1,2.909784e-01,1,1,1,1,66,1.128540e-01,10,40,1.231337e+00,1.297953e+00,1.397951e+00,1.497949e+00,2
1,2.784046e-01,1,1,1,1,17,1.541245e-01,10,35,1.281238e+00,1.297912e+00,1.397910e+00,1.497629e+00,2
1,5.456665e-01,0,1,0,1,66,1.739357e-02,10,50,1.231320e+00,1.297994e+00,1.397992e+00,1.497996e+00,2
1,1.863948e-01,1,1,1,0,1000,1.541245e-01,10,45,2.979415e-01,1.297881e+00,1.397907e+00,1.497900e+00,2
1,2.422239e-01,0,1,0,0,17,3.925870e-01,10,40,1.281384e+00,1.298037e+00,1.398040e+00,1.498030e+00,2
1,2.952200e-01,1,1,1,0,257,1,10,35,1.048308e+00,1.298325e+00,1.398323e+00,1.498272e+00,2
1,5.459059e-01,0,0,1,1,257,6.828491e-03,10,55,1.047968e+00,1.297935e+00,1.397929e+00,1.497919e+00,2
1,3.866983e-01,1,1,1,0,257,8.263468e-02,10,40,1.048037e+00,1.298043e+00,1.398028e+00,1.498019e+00,2
1,2.339420e-01,0,1,0,1,66,3.925870e-01,10,40,1.231233e+00,1.297898e+00,1.397902e+00,1.497889e+00,2
1,2.477522e-01,0,1,0,0,17,7.322263e-01,10,55,1.281318e+00,1.297984e+00,1.397995e+00,1.497981e+00,2
1,2.202997e-01,1,1,1,1,257,1,10,50,1.047924e+00,1.297877e+00,1.397886e+00,1.497881e+00,2
1,2.102303e-01,0,1,0,1,1000,2.104876e-01,10,45,2.980212e-01,1.297989e+00,1.397980e+00,1.497975e+00,2
1,3.522078e-01,0,1,0,0,257,1.739357e-02,10,50,1.048039e+00,1.298008e+00,1.398008e+00,1.498001e+00,2
1,2.567289e-01,1,1,1,1,66,4.430502e-02,10,45,1.231298e+00,1.297932e+00,1.397969e+00,1.497934e+00,2
1,2.138247e-01,0,1,0,1,17,5.361553e-01,10,50,1.281474e+00,1.298129e+00,1.398126e+00,1.498118e+00,2
1,2.756463e-01,0,1,0,1,1000,1.739357e-02,10,40,2.979581e-01,1.297852e+00,1.397912e+00,1.497905e+00,2
1,2.309018e-01,1,1,1,1,1000,7.322263e-01,10,45,2.980067e-01,1.297949e+00,1.397945e+00,1.497665e+00,2
1,2.921840e-01,0,1,0,1,1000,4.430502e-02,10,45,2.980631e-01,1.297997e+00,1.397969e+00,1.498003e+00,2
1,2.157439e-01,0,1,0,0,66,7.322263e-01,10,40,1.231576e+00,1.298230e+00,1.398225e+00,1.498207e+00,2
1,2.539703e-01,0,1,0,0,17,3.925870e-01,10,40,1.281273e+00,1.297890e+00,1.397928e+00,1.497923e+00,2
1,2.027466e-01,1,1,1,1,66,2.874625e-01,10,55,1.231282e+00,1.297931e+00,1.397931e+00,1.497928e+00,2
1,4.249736e-01,0,1,0,0,1000,2.874625e-01,10,40,2.979650e-01,1.297924e+00,1.397930e+00,1.497924e+00,2
1,5.428388e-01,1,1,1,0,66,3.244130e-02,10,35,1.231529e+00,1.298226e+00,1.398218e+00,1.498226e+00,2
1,3.198886e-01,1,1,1,0,66,2.104876e-01,10,35,1.231319e+00,1.297972e+00,1.397964e+00,1.497964e+00,2
1,3.702433e-01,0,1,0,0,66,2.375437e-02,10,55,1.231355e+00,1.297982e+00,1.398003e+00,1.497970e+00,2
1,5.378456e-01,0,0,1,0,66,1.273603e-02,10,55,1.231221e+00,1.297870e+00,1.397892e+00,1.497884e+00,2
1,2.834032e-01,0,0,1,0,17,9.325657e-03,10,55,1.281346e+00,1.297970e+00,1.397970e+00,1.497967e+00,2
1,3.906881e-01,0,1,0,1,1000,6.050728e-02,10,50,2.980728e-01,1.297989e+00,1.397983e+00,1.497999e+00,2
1,3.179402e-01,1,1,1,1,17,8.263468e-02,10,45,1.281617e+00,1.298295e+00,1.398241e+00,1.498310e+00,2
1,2.079094e-01,0,1,0,1,66,3.925870e-01,10,50,1.231283e+00,1.297955e+00,1.397951e+00,1.497947e+00,2
1,3.029362e-01,1,1,1,0,1000,2.874625e-01,10,45,2.980719e-01,1.298006e+00,1.398024e+00,1.498015e+00,2
1,2.415139e-01,1,1,1,0,257,5.361553e-01,10,55,1.047928e+00,1.297918e+00,1.397912e+00,1.497912e+00,2
1,1.062928e+00,0,0,1,1,1000,4.430502e-02,10,35,2.982430e-01,1.298167e+00,1.398181e+00,1.498171e+00,2
1,3.468072e-01,0,1,0,1,66,2.104876e-01,10,35,1.231320e+00,1.297974e+00,1.397996e+00,1.497980e+00,2
1,2.517345e-01,0,1,0,0,257,2.874625e-01,10,40,1.047993e+00,1.297968e+00,1.397966e+00,1.497958e+00,2
1,5.524726e-01,1,0,0,0,257,2.375437e-02,10,45,1.047997e+00,1.297933e+00,1.397973e+00,1.497964e+00,2
1,2.728238e-01,0,1,0,0,1000,2.375437e-02,10,35,2.979086e-01,1.297745e+00,1.397808e+00,1.497802e+00,2
1,2.689106e-01,0,1,0,1,1000,4.430502e-02,10,35,2.982530e-01,1.298186e+00,1.398194e+00,1.498189e+00,2
1,7.768385e-01,0,0,1,0,17,1.273603e-02,10,50,1.281339e+00,1.298017e+00,1.397987e+00,1.497994e+00,2
1,1.152259e+00,1,0,0,1,17,9.325657e-03,10,35,1.281166e+00,1.297821e+00,1.397815e+00,1.497772e+00,2
1,3.298224e-01,0,0,1,1,257,1.273603e-02,10,40,1.047919e+00,1.297881e+00,1.397860e+00,1.497866e+00,2
1,2.218175e+00,1,0,0,0,66,6.050728e-02,10,40,1.231251e+00,1.297938e+00,1.397984e+00,1.497962e+00,2
1,3.202719e-01,0,1,0,0,66,2.375437e-02,10,45,1.231237e+00,1.297860e+00,1.397921e+00,1.497917e+00,2
1,2.823794e-01,0,1,0,0,66,2.104876e-01,10,45,1.231362e+00,1.298031e+00,1.398025e+00,1.497961e+00,2
1,1.381824e+00,0,1,0,1,17,1.273603e-02,10,50,1.281135e+00,1.297836e+00,1.397838e+00,1.497821e+00,2
1,2.691605e-01,0,1,0,0,257,4.430502e-02,10,40,1.047969e+00,1.297909e+00,1.397958e+00,1.497956e+00,2
1,3.374444e-01,0,1,0,1,1000,4.430502e-02,10,55,2.980655e-01,1.298004e+00,1.397999e+00,1.497992e+00,2
1,5.489407e-01,0,0,1,0,66,2.375437e-02,11,40,1.235466e+00,1.302369e+00,1.402409e+00,1.502400e+00,2
1,4.936556e-01,1,1,1,0,1000,9.325657e-03,11,55,2.980130e-01,1.297988e+00,1.397961e+00,1.497942e+00,2
1,9.840823e-01,1,1,1,1,17,1.128540e-01,11,45,1.281181e+00,1.297895e+00,1.397897e+00,1.497865e+00,2
1,5.037609e-01,1,1,1,0,66,6.050728e-02,11,50,1.231349e+00,1.298000e+00,1.398002e+00,1.497997e+00,2
1,4.185264e-01,1,1,1,1,1000,2.375437e-02,11,50,2.981036e-01,1.298025e+00,1.398051e+00,1.498027e+00,2
1,6.332053e-01,1,1,1,1,1000,6.050728e-02,11,40,2.980791e-01,1.297976e+00,1.397970e+00,1.497964e+00,2
1,2.935345e-01,0,1,0,0,17,7.322263e-01,11,55,1.281365e+00,1.298008e+00,1.397990e+00,1.497995e+00,2
1,3.926655e-01,0,0,1,0,1000,5.000000e-03,11,50,2.980284e-01,1.297953e+00,1.397973e+00,1.497963e+00,2
1,3.752356e-01,0,1,0,1,1000,5.000000e-03,11,55,2.980396e-01,1.298002e+00,1.398004e+00,1.498007e+00,2
1,4.868033e-01,1,0,0,0,66,4.430502e-02,11,40,1.231287e+00,1.297668e+00,1.397939e+00,1.497929e+00,2
1,4.585986e-01,1,1,1,0,257,8.263468e-02,11,40,1.047982e+00,1.297947e+00,1.397949e+00,1.497941e+00,2
1,3.271203e-01,1,1,1,0,66,2.104876e-01,11,55,1.231163e+00,1.297568e+00,1.397849e+00,1.497812e+00,2
1,4.082838e-01,1,0,0,1,1000,8.263468e-02,11,50,2.980456e-01,1.297967e+00,1.397984e+00,1.497978e+00,2
1,2.233363e-01,0,1,0,1,66,1,11,55,1.231372e+00,1.298000e+00,1.398014e+00,1.497729e+00,2
1,2.133732e-01,0,1,0,0,257,8.263468e-02,11,55,1.048221e+00,1.298174e+00,1.398194e+00,1.498184e+00,2
1,2.595252e-01,1,1,1,1,17,5.361553e-01,11,50,1.281354e+00,1.298010e+00,1.398010e+00,1.498001e+00,2
1,2.554065e-01,1,1,1,1,17,2.874625e-01,11,45,1.281238e+00,1.297918e+00,1.397915e+00,1.497907e+00,2
1,2.841367e-01,0,1,0,0,1000,1.128540e-01,11,45,2.979575e-01,1.297886e+00,1.397883e+00,1.497879e+00,2
1,3.512443e-01,1,0,0,0,17,8.263468e-02,11,55,1.281321e+00,1.297976e+00,1.397978e+00,1.497973e+00,2
1,2.160306e-01,0,1,0,1,1000,8.263468e-02,11,50,2.980761e-01,1.298004e+00,1.397993e+00,1.497938e+00,2
1,3.104024e-01,1,1,1,0,257,1.541245e-01,11,40,1.047877e+00,1.297853e+00,1.397851e+00,1.497844e+00,2
1,2.960320e-01,1,1,1,1,1000,2.104876e-01,11,55,2.981211e-01,1.298072e+00,1.398068e+00,1.498029e+00,2
1,4.668913e-01,1,0,0,1,66,9.325657e-03,11,35,1.231349e+00,1.297980e+00,1.397992e+00,1.497990e+00,2
1,5.590146e-01,0,1,0,0,17,5.000000e-03,11,40,1.280947e+00,1.297861e+00,1.397855e+00,1.497862e+00,2
1,3.673652e-01,0,0,1,0,257,1.273603e-02,11,50,1.048185e+00,1.298144e+00,1.398086e+00,1.498151e+00,2
1,3.754387e-01,0,0,1,0,17,1.273603e-02,11,50,1.281283e+00,1.297665e+00,1.397892e+00,1.497918e+00,2
1,3.525374e-01,1,1,1,0,1000,2.104876e-01,11,35,2.983638e-01,1.298299e+00,1.398252e+00,1.498288e+00,2
1,2.723921e-01,1,1,1,0,257,1,11,45,1.047975e+00,1.297949e+00,1.397924e+00,1.497939e+00,2
1,2.441186e-01,1,1,1,1,17,1.128540e-01,11,35,1.281223e+00,1.297877e+00,1.397873e+00,1.497865e+00,2
1,1.929264e+00,1,0,0,0,1000,4.430502e-02,11,35,2.979499e-01,1.297866e+00,1.397885e+00,1.497878e+00,2
1,3.144176e-01,1,1,1,1,257,1,11,45,1.047934e+00,1.297943e+00,1.397934e+00,1.497931e+00,2
1,2.522021e-01,0,1,0,0,66,5.361553e-01,11,40,1.231266e+00,1.297935e+00,1.397951e+00,1.497947e+00,2
1,2.733432e-01,0,1,0,0,1000,5.361553e-01,11,45,2.980900e-01,1.298029e+00,1.398026e+00,1.498021e+00,2
1,2.932912e-01,0,0,1,1,66,2.375437e-02,11,50,1.231689e+00,1.298382e+00,1.398379e+00,1.498378e+00,2
1,1.135805e+00,1,1,1,0,17,7.322263e-01,11,50,1.281295e+00,1.297948e+00,1.397919e+00,1.497890e+00,2
1,4.734782e-01,1,1,1,1,17,6.050728e-02,11,40,1.281352e+00,1.298002e+00,1.398003e+00,1.497997e+00,2
1,4.133201e-01,1,1,1,1,1000,2.104876e-01,11,55,2.983620e-01,1.298260e+00,1.398282e+00,1.498268e+00,2
1,4.591981e-01,1,1,1,0,1000,1.739357e-02,11,35,2.980197e-01,1.297987e+00,1.397985e+00,1.497975e+00,2
1,3.438155e-01,1,0,0,0,1000,9.325657e-03,11,55,2.984281e-01,1.298368e+00,1.398364e+00,1.498362e+00,2
1,2.887789e-01,0,1,0,1,1000,3.925870e-01,11,50,2.980414e-01,1.297980e+00,1.397984e+00,1.497876e+00,2
1,3.159603e-01,1,1,1,0,17,7.322263e-01,11,55,1.281349e+00,1.298031e+00,1.398027e+00,1.498021e+00,2
1,2.309769e+00,1,1,1,1,1000,2.874625e-01,11,40,2.980749e-01,1.297992e+00,1.398007e+00,1.498003e+00,2
1,3.362473e-01,1,1,1,1,66,3.925870e-01,11,35,1.231173e+00,1.297845e+00,1.397795e+00,1.497835e+00,2
1,3.694887e-01,0,1,0,0,257,1.541245e-01,11,35,1.048020e+00,1.298028e+00,1.398025e+00,1.498016e+00,2
1,5.214571e-01,0,1,0,1,66,1.541245e-01,11,50,1.231354e+00,1.298027e+00,1.398036e+00,1.498036e+00,2
1,3.233909e-01,1,1,1,1,17,1.541245e-01,11,45,1.281285e+00,1.297943e+00,1.397667e+00,1.497936e+00,2
1,3.098289e-01,0,1,0,1,17,2.104876e-01,11,55,1.281704e+00,1.298358e+00,1.398353e+00,1.498348e+00,2
1,4.078280e-01,1,1,1,1,257,1.541245e-01,11,35,1.047947e+00,1.297920e+00,1.397941e+00,1.497923e+00,2
1,3.502920e-01,1,0,0,1,1000,3.244130e-02,11,40,2.979481e-01,1.297880e+00,1.397884e+00,1.497879e+00,2
1,2.510657e+00,0,0,1,0,257,8.263468e-02,11,40,1.047962e+00,1.297921e+00,1.397926e+00,1.497924e+00,2
1,2.970788e-01,1,1,1,0,1000,3.925870e-01,11,40,2.980227e-01,1.297983e+00,1.397979e+00,1.497975e+00,2
1,2.597573e-01,0,1,0,1,66,8.263468e-02,11,55,1.231265e+00,1.297940e+00,1.397935e+00,1.497928e+00,2
1,4.395544e-01,0,1,0,0,17,2.874625e-01,11,35,1.281254e+00,1.297910e+00,1.397891e+00,1.497885e+00,2
1,3.096363e-01,0,0,1,0,66,5.000000e-03,11,50,1.231101e+00,1.298002e+00,1.398026e+00,1.498015e+00,2
1,2.882823e-01,0,1,0,1,66,8.263468e-02,11,55,1.231284e+00,1.297936e+00,1.397940e+00,1.497932e+00,2
1,2.665830e-01,0,1,0,1,257,1.541245e-01,11,45,1.048024e+00,1.298017e+00,1.398034e+00,1.497987e+00,2
1,3.266944e-01,0,1,0,1,1000,8.263468e-02,11,55,2.980284e-01,1.297940e+00,1.397964e+00,1.497957e+00,2
1,2.680035e+00,1,1,1,1,1000,4.430502e-02,11,45,2.981021e-01,1.298021e+00,1.398039e+00,1.498031e+00,2
1,4.031064e-01,0,1,0,0,17,8.263468e-02,11,45,1.281283e+00,1.297968e+00,1.398093e+00,1.497954e+00,2
1,9.937626e-01,1,1,1,0,257,1.273603e-02,11,35,1.048059e+00,1.298059e+00,1.398049e+00,1.498054e+00,2
1,3.285058e-01,0,1,0,0,1000,1.739357e-02,11,45,2.979735e-01,1.297956e+00,1.397950e+00,1.497946e+00,2
1,3.622253e-01,0,1,0,0,17,1.541245e-01,11,50,1.281201e+00,1.297861e+00,1.397855e+00,1.497850e+00,2
1,5.141236e-01,1,1,1,0,66,1.128540e-01,11,55,1.231275e+00,1.297933e+00,1.397952e+00,1.497945e+00,2
1,4.602793e-01,1,1,1,0,17,6.050728e-02,11,40,1.281265e+00,1.297923e+00,1.397925e+00,1.497914e+00,2
1,6.745761e-01,0,1,0,0,1000,1.273603e-02,12,40,2.980589e-01,1.298018e+00,1.398012e+00,1.498006e+00,2
1,3.255268e-01,1,1,1,0,1000,3.925870e-01,12,40,2.980634e-01,1.297999e+00,1.397994e+00,1.497990e+00,2
1,4.158547e-01,0,0,1,1,17,9.325657e-03,12,40,1.281230e+00,1.297922e+00,1.397920e+00,1.497622e+00,2
1,3.975887e-01,0,1,0,0,1000,4.430502e-02,12,55,2.980547e-01,1.297945e+00,1.397959e+00,1.497955e+00,2
1,3.247058e-01,1,1,1,0,17,1,12,35,1.281210e+00,1.297926e+00,1.397942e+00,1.497936e+00,2
1,3.422387e-01,1,1,1,0,66,5.361553e-01,12,55,1.231643e+00,1.298301e+00,1.398299e+00,1.498285e+00,2
1,1.455927e+00,1,0,0,1,17,6.828491e-03,12,45,1.281657e+00,1.298306e+00,1.398307e+00,1.498300e+00,2
1,3.565813e-01,1,1,1,0,1000,3.925870e-01,12,40,2.980595e-01,1.298016e+00,1.398020e+00,1.498008e+00,2
1,1.189049e+00,1,1,1,0,1000,6.828491e-03,12,50,2.983106e-01,1.298256e+00,1.398254e+00,1.498209e+00,2
1,4.525834e-01,0,0,1,1,1000,3.244130e-02,12,45,2.980233e-01,1.297966e+00,1.397967e+00,1.497910e+00,2
1,5.293398e-01,1,0,0,1,17,3.244130e-02,12,50,1.281232e+00,1.297881e+00,1.397884e+00,1.497887e+00,2
1,3.786492e-01,1,1,1,0,17,1,12,40,1.281344e+00,1.298001e+00,1.397995e+00,1.497994e+00,2
1,2.901616e-01,0,1,0,0,257,7.322263e-01,12,40,1.048005e+00,1.297940e+00,1.397975e+00,1.497970e+00,2
1,3.173018e-01,0,1,0,1,66,5.361553e-01,12,35,1.231648e+00,1.298306e+00,1.398278e+00,1.498315e+00,2
1,3.515184e-01,0,1,0,0,1000,1.541245e-01,12,45,2.980182e-01,1.297958e+00,1.397922e+00,1.497888e+00,2
1,2.884339e-01,1,1,1,1,17,7.322263e-01,12,50,1.281173e+00,1.297550e+00,1.397821e+00,1.497816e+00,2
1,6.116458e-01,1,1,1,0,17,8.263468e-02,12,35,1.281309e+00,1.297951e+00,1.397969e+00,1.497982e+00,2
1,4.578413e-01,1,1,1,0,17,4.430502e-02,12,55,1.281289e+00,1.297947e+00,1.397943e+00,1.497936e+00,2
1,3.661861e-01,0,1,0,0,1000,3.925870e-01,12,35,2.984269e-01,1.298369e+00,1.398367e+00,1.498356e+00,2
1,9.503278e-01,1,0,0,0,257,6.828491e-03,12,50,1.047948e+00,1.297916e+00,1.397917e+00,1.497912e+00,2
1,4.148701e-01,0,1,0,1,257,7.322263e-01,12,55,1.047968e+00,1.297898e+00,1.397893e+00,1.497891e+00,2
1,4.128703e-01,1,1,1,1,17,2.104876e-01,12,50,1.281341e+00,1.297983e+00,1.397990e+00,1.497987e+00,2
1,6.670181e-01,1,1,1,1,1000,4.430502e-02,12,40,2.979611e-01,1.297892e+00,1.397880e+00,1.497905e+00,2
1,2.230088e-01,0,1,0,1,66,7.322263e-01,12,55,1.231339e+00,1.298002e+00,1.397999e+00,1.497995e+00,2
1,3.250285e-01,1,1,1,1,17,3.925870e-01,12,40,1.281571e+00,1.298216e+00,1.398258e+00,1.498254e+00,2
1,6.710291e-01,1,0,0,0,66,6.050728e-02,12,45,1.231562e+00,1.298239e+00,1.398237e+00,1.498229e+00,2
1,2.911233e-01,0,1,0,0,66,6.050728e-02,12,50,1.231237e+00,1.297881e+00,1.397882e+00,1.497840e+00,2
1,2.628078e-01,0,1,0,0,17,1.541245e-01,12,55,1.281658e+00,1.298334e+00,1.398334e+00,1.498322e+00,2
1,3.385570e-01,1,1,1,0,257,1.128540e-01,12,35,1.047890e+00,1.297874e+00,1.397862e+00,1.497860e+00,2
1,2.758422e-01,0,0,1,0,1000,2.375437e-02,12,45,2.980408e-01,1.297890e+00,1.397910e+00,1.497907e+00,2
1,3.522480e-01,0,1,0,1,1000,2.874625e-01,12,50,2.980486e-01,1.297977e+00,1.398253e+00,1.498250e+00,2
1,7.204064e-01,1,1,1,0,1000,3.244130e-02,12,35,2.977776e-01,1.297740e+00,1.397734e+00,1.497728e+00,2
1,4.190220e-01,1,1,1,1,257,7.322263e-01,12,35,1.047876e+00,1.297845e+00,1.397843e+00,1.497840e+00,2
1,3.926682e-01,1,1,1,0,1000,9.325657e-03,12,40,2.979985e-01,1.297941e+00,1.397942e+00,1.497932e+00,2
1,3.195430e-01,0,1,0,1,66,1.541245e-01,12,35,1.231266e+00,1.297936e+00,1.397932e+00,1.497925e+00,2
1,2.973930e-01,1,1,1,1,66,8.263468e-02,12,35,1.231142e+00,1.297806e+00,1.397808e+00,1.497796e+00,2
1,2.283693e-01,1,1,1,0,257,2.874625e-01,12,50,1.047916e+00,1.297891e+00,1.397887e+00,1.497885e+00,2
1,1.773113e-01,1,1,1,1,1000,1,12,55,2.978546e-01,1.297807e+00,1.397827e+00,1.497819e+00,2
1,2.408933e-01,1,1,1,0,17,3.925870e-01,12,45,1.281203e+00,1.297856e+00,1.397856e+00,1.497849e+00,2
1,2.465403e-01,1,1,1,0,17,2.874625e-01,12,45,1.281624e+00,1.298344e+00,1.398344e+00,1.498355e+00,2
1,2.748649e-01,1,0,0,0,17,1.739357e-02,12,55,1.281356e+00,1.298029e+00,1.398025e+00,1.498022e+00,2
1,2.228316e-01,0,1,0,0,66,1,12,35,1.231668e+00,1.298300e+00,1.398281e+00,1.498300e+00,2
1,1.132851e+00,0,1,0,0,66,1.541245e-01,12,45,1.231352e+00,1.298010e+00,1.398008e+00,1.497998e+00,2
1,3.343985e-01,1,0,0,1,66,5.000000e-03,12,50,1.231270e+00,1.297920e+00,1.397875e+00,1.497917e+00,2
1,6.080647e-01,0,0,1,1,66,9.325657e-03,12,35,1.231286e+00,1.297960e+00,1.397953e+00,1.497677e+00,2
1,5.503856e-01,0,1,0,0,1000,1.273603e-02,12,40,2.983734e-01,1.298293e+00,1.398283e+00,1.498287e+00,2
1,5.349590e-01,1,1,1,0,17,2.874625e-01,12,50,1.281062e+00,1.297977e+00,1.397968e+00,1.497975e+00,2
1,4.723801e-01,1,0,0,0,66,2.375437e-02,12,50,1.231191e+00,1.297870e+00,1.397854e+00,1.497843e+00,2
1,2.126874e-01,0,1,0,1,257,5.361553e-01,12,45,1.047938e+00,1.297956e+00,1.397955e+00,1.497906e+00,2
1,4.664720e-01,1,1,1,1,1000,1.128540e-01,12,35,2.978624e-01,1.297786e+00,1.397777e+00,1.497769e+00,2
1,4.304684e-01,1,1,1,1,257,3.244130e-02,12,35,1.047934e+00,1.297894e+00,1.397896e+00,1.497892e+00,2
1,9.080089e-01,1,0,0,0,257,1,12,55,1.047956e+00,1.297921e+00,1.397913e+00,1.497907e+00,2
1,6.226633e-01,0,1,0,0,17,1.273603e-02,12,50,1.281230e+00,1.297894e+00,1.397904e+00,1.497904e+00,2
1,4.607447e-01,0,0,1,1,66,3.244130e-02,12,55,1.231198e+00,1.297872e+00,1.397868e+00,1.497861e+00,2
1,6.246721e-01,1,0,0,1,17,6.050728e-02,12,35,1.281264e+00,1.297901e+00,1.397918e+00,1.497916e+00,2
1,1.166294e+00,1,0,0,1,257,5.000000e-03,12,45,1.047947e+00,1.297890e+00,1.397906e+00,1.497900e+00,2
1,5.179079e-01,1,0,0,1,66,9.325657e-03,12,35,1.231294e+00,1.297945e+00,1.397901e+00,1.497940e+00,2
1,3.840535e-01,0,0,1,0,1000,3.244130e-02,12,55,2.983408e-01,1.298281e+00,1.398274e+00,1.497995e+00,2
1,4.238359e-01,1,1,1,0,66,4.430502e-02,12,55,1.231276e+00,1.297931e+00,1.397925e+00,1.497925e+00,2
1,1.733634e+00,1,1,1,1,1000,6.050728e-02,12,55,2.982053e-01,1.298183e+00,1.398184e+00,1.498166e+00,2
1,4.071292e-01,1,1,1,1,66,2.874625e-01,12,55,1.231310e+00,1.297981e+00,1.397980e+00,1.497959e+00,2
1,3.178913e-01,1,0,0,1,17,4.430502e-02,12,50,1.281371e+00,1.298021e+00,1.398023e+00,1.498006e+00,2
1,1.535920e+00,1,1,1,1,257,5.000000e-03,12,50,1.047946e+00,1.297927e+00,1.397920e+00,1.497904e+00,2
1,3.372536e-01,0,1,0,0,1000,5.361553e-01,12,50,2.980486e-01,1.297966e+00,1.397999e+00,1.497999e+00,2
