RT,Choice,Accuracy,Target,PrimeType,PrimeDuration,FoilContrast,TargetContrast,PP,Angle
1.113421e+00,0,0,1,0,50,5.000000e-02,7.500000e-02,76,35
5.731281e-01,0,0,1,0,50,5.000000e-02,5.000000e-02,76,55
6.117351e-01,0,0,1,0,400,5.000000e-02,5.000000e-02,76,40
6.089538e-01,0,1,0,0,400,5.000000e-02,6.875000e-02,76,55
3.627976e-01,0,1,0,0,400,5.000000e-02,6.875000e-02,76,40
7.087770e-01,0,1,0,0,50,5.000000e-02,5.625000e-02,76,45
3.941610e-01,1,1,1,0,400,2.000000e-01,2.750000e-01,76,35
4.596119e-01,1,1,1,0,50,2.000000e-01,2.750000e-01,76,35
4.077737e-01,1,0,0,0,400,2.000000e-01,2.000000e-01,76,40
3.827275e-01,0,1,0,0,400,2.000000e-01,4.000000e-01,76,40
3.443484e-01,1,1,1,0,50,5.000000e-02,7.500000e-02,76,45
4.610932e-01,0,1,0,0,400,5.000000e-02,5.625000e-02,76,40
9.420488e-01,0,0,1,0,50,5.000000e-02,6.250000e-02,76,35
3.441787e-01,1,1,1,0,50,2.000000e-01,3.000000e-01,76,50
3.073001e-01,0,0,1,0,50,2.000000e-01,2.000000e-01,76,50
2.338299e-01,1,1,1,0,400,2.000000e-01,2.250000e-01,76,50
2.271846e-01,1,1,1,0,400,2.000000e-01,3.000000e-01,76,35
3.482685e-01,1,1,1,0,50,5.000000e-02,6.875000e-02,76,35
3.675049e-01,1,1,1,0,400,2.000000e-01,3.000000e-01,76,50
5.058174e-01,1,0,0,0,400,5.000000e-02,6.250000e-02,76,55
5.220703e-01,0,0,1,0,50,2.000000e-01,2.250000e-01,76,35
4.278418e-01,0,0,1,0,400,5.000000e-02,6.250000e-02,76,55
4.184913e-01,0,1,0,0,400,5.000000e-02,1.000000e-01,76,35
4.917652e-01,0,0,1,0,50,5.000000e-02,5.000000e-02,76,55
2.760183e-01,1,1,1,0,50,5.000000e-02,7.500000e-02,76,45
4.118639e-01,1,0,0,0,50,2.000000e-01,2.000000e-01,76,55
3.109166e-01,1,1,1,0,50,2.000000e-01,2.750000e-01,76,50
4.365735e-01,1,1,1,0,50,2.000000e-01,2.500000e-01,76,40
4.870895e-01,0,1,0,0,400,5.000000e-02,1.000000e-01,76,55
5.979895e-01,0,1,0,0,400,5.000000e-02,5.625000e-02,76,50
6.502955e-01,0,0,1,0,50,5.000000e-02,5.625000e-02,76,40
5.463774e-01,0,0,1,0,50,5.000000e-02,5.000000e-02,76,55
6.148200e-01,1,1,1,0,50,5.000000e-02,6.875000e-02,76,40
4.945093e-01,0,1,0,0,400,2.000000e-01,2.250000e-01,76,55
4.112990e-01,0,1,0,0,400,2.000000e-01,2.250000e-01,76,50
3.582194e-01,1,1,1,0,50,5.000000e-02,5.625000e-02,76,50
4.331974e-01,1,1,1,0,400,5.000000e-02,1.000000e-01,76,40
7.285641e-01,1,1,1,0,50,2.000000e-01,2.250000e-01,76,55
7.393912e-01,0,1,0,0,400,2.000000e-01,2.500000e-01,76,55
5.586871e-01,0,1,0,0,50,2.000000e-01,2.500000e-01,76,45
4.935852e-01,0,1,0,0,50,2.000000e-01,2.750000e-01,76,45
2.741842e-01,1,1,1,0,400,2.000000e-01,3.000000e-01,76,55
2.871726e-01,0,1,0,0,50,2.000000e-01,2.750000e-01,76,35
4.661555e-01,0,1,0,0,400,5.000000e-02,1.000000e-01,76,35
3.519294e-01,0,1,0,0,50,5.000000e-02,7.500000e-02,76,50
2.940591e-01,1,1,1,0,50,2.000000e-01,3.000000e-01,76,50
2.737357e-01,0,1,0,0,50,2.000000e-01,2.750000e-01,76,50
3.050234e-01,1,1,1,0,400,2.000000e-01,2.750000e-01,76,40
2.875155e-01,1,1,1,0,400,5.000000e-02,6.875000e-02,76,45
3.064136e-01,1,1,1,0,400,5.000000e-02,6.875000e-02,76,45
6.439795e-01,0,1,0,0,400,2.000000e-01,2.000000e-01,76,55
5.560619e-01,0,1,0,0,400,2.000000e-01,2.250000e-01,76,35
6.179550e-01,0,0,1,0,400,5.000000e-02,6.250000e-02,76,40
4.578740e-01,1,1,1,0,50,2.000000e-01,2.500000e-01,76,45
6.301393e-01,1,0,0,0,400,5.000000e-02,5.625000e-02,76,45
4.049915e-01,0,1,0,0,50,2.000000e-01,4.000000e-01,76,55
4.252615e-01,0,1,0,0,50,5.000000e-02,6.250000e-02,76,50
4.876296e-01,0,1,0,0,50,2.000000e-01,2.500000e-01,76,55
6.029884e-01,1,1,1,0,50,5.000000e-02,7.500000e-02,76,50
4.673665e-01,1,1,1,0,50,5.000000e-02,6.250000e-02,76,55
2.694085e-01,0,1,0,0,400,5.000000e-02,6.875000e-02,76,55
3.704576e-01,0,0,1,0,50,2.000000e-01,2.000000e-01,76,45
3.181499e-01,0,1,0,0,50,5.000000e-02,5.000000e-02,76,35
5.276585e-01,0,1,0,0,50,2.000000e-01,4.000000e-01,76,40
3.170970e-01,0,1,0,0,400,5.000000e-02,7.500000e-02,76,50
3.417515e-01,0,1,0,0,50,2.000000e-01,2.500000e-01,76,50
2.860150e-01,1,1,1,0,400,5.000000e-02,7.500000e-02,76,40
4.776137e-01,1,1,1,0,50,5.000000e-02,5.625000e-02,76,55
4.729432e-01,1,1,1,0,50,2.000000e-01,2.250000e-01,76,40
5.362936e-01,1,0,0,0,400,5.000000e-02,6.875000e-02,76,50
3.078098e-01,1,1,1,0,50,5.000000e-02,6.875000e-02,76,55
6.101777e-01,1,1,1,0,400,2.000000e-01,2.250000e-01,76,50
3.280597e-01,0,1,0,0,400,5.000000e-02,6.875000e-02,76,45
5.278591e-01,0,1,0,0,400,2.000000e-01,3.000000e-01,76,40
5.249414e-01,0,0,1,0,400,2.000000e-01,2.000000e-01,76,40
4.175740e-01,1,0,0,0,50,5.000000e-02,6.875000e-02,76,50
1.014004e+00,1,0,0,0,400,5.000000e-02,5.000000e-02,76,35
3.067587e-01,0,1,0,0,400,2.000000e-01,4.000000e-01,76,40
3.526602e-01,1,1,1,0,50,2.000000e-01,4.000000e-01,76,50
3.195294e-01,0,1,0,0,400,2.000000e-01,3.000000e-01,76,45
3.037115e-01,0,1,0,0,400,5.000000e-02,1.000000e-01,76,55
2.248279e-01,0,1,0,0,400,5.000000e-02,6.250000e-02,76,45
2.123348e-01,1,1,1,0,400,5.000000e-02,5.000000e-02,76,50
2.642971e-01,0,1,0,0,50,2.000000e-01,3.000000e-01,76,45
2.686409e-01,0,1,0,0,50,5.000000e-02,6.875000e-02,76,35
2.126641e-01,1,1,1,0,50,5.000000e-02,5.625000e-02,76,35
2.580712e-01,0,1,0,0,50,5.000000e-02,6.250000e-02,76,35
3.501881e-01,0,0,1,0,400,2.000000e-01,2.250000e-01,76,55
4.116086e-01,0,0,1,0,50,2.000000e-01,2.000000e-01,76,50
3.416557e-01,0,1,0,0,50,2.000000e-01,2.250000e-01,76,40
3.261465e-01,0,0,1,0,50,5.000000e-02,5.000000e-02,76,40
4.794337e-01,0,1,0,0,400,2.000000e-01,3.000000e-01,76,55
3.115191e-01,0,1,0,0,400,5.000000e-02,5.000000e-02,76,50
4.086866e-01,0,0,1,0,50,2.000000e-01,2.250000e-01,76,50
2.412946e-01,1,1,1,0,50,5.000000e-02,6.250000e-02,76,40
3.776790e-01,0,1,0,0,400,5.000000e-02,7.500000e-02,76,40
3.661275e-01,0,1,0,0,400,2.000000e-01,2.750000e-01,76,35
4.275912e-01,0,1,0,0,400,5.000000e-02,6.250000e-02,76,40
3.324591e-01,1,1,1,0,50,2.000000e-01,2.500000e-01,76,55
2.783339e-01,0,1,0,0,400,5.000000e-02,5.625000e-02,76,45
2.833654e-01,0,1,0,0,400,2.000000e-01,2.500000e-01,76,45
3.351241e-01,1,1,1,0,400,2.000000e-01,2.250000e-01,76,55
2.117584e-01,1,1,1,0,400,2.000000e-01,2.250000e-01,76,45
3.349552e-01,1,1,1,0,400,5.000000e-02,6.250000e-02,76,35
3.005453e-01,1,0,0,0,50,5.000000e-02,7.500000e-02,76,50
2.522324e-01,1,1,1,0,50,5.000000e-02,5.625000e-02,76,50
4.714546e-01,0,1,0,0,400,2.000000e-01,3.000000e-01,76,45
3.270770e-01,0,0,1,0,50,5.000000e-02,6.875000e-02,76,50
1.540693e-01,1,0,0,0,400,2.000000e-01,2.000000e-01,76,35
3.125253e-01,0,1,0,0,400,2.000000e-01,2.000000e-01,76,45
2.660153e-01,0,1,0,0,50,5.000000e-02,1.000000e-01,76,50
2.642411e-01,1,1,1,0,50,5.000000e-02,6.250000e-02,76,55
3.829559e-01,1,0,0,0,400,5.000000e-02,5.625000e-02,76,50
2.546806e-01,0,1,0,0,400,2.000000e-01,2.750000e-01,76,40
2.177208e-01,1,1,1,0,50,5.000000e-02,1.000000e-01,76,55
2.327446e-01,0,1,0,0,50,5.000000e-02,7.500000e-02,76,40
2.684532e-01,1,1,1,0,50,5.000000e-02,7.500000e-02,76,40
3.080087e-01,1,0,0,0,50,5.000000e-02,6.250000e-02,76,35
2.208758e-01,1,0,0,0,50,5.000000e-02,5.625000e-02,76,45
2.941104e-01,1,1,1,0,50,2.000000e-01,3.000000e-01,76,35
1.966817e+00,1,1,1,0,400,2.000000e-01,2.500000e-01,76,50
1.740293e-01,1,1,1,0,50,5.000000e-02,1.000000e-01,76,40
4.935244e-01,0,1,0,0,400,5.000000e-02,5.625000e-02,76,55
2.905003e-01,1,1,1,0,400,5.000000e-02,6.875000e-02,76,45
4.005185e-01,1,1,1,0,400,2.000000e-01,2.000000e-01,76,35
2.601388e-01,1,1,1,0,50,5.000000e-02,5.625000e-02,76,40
4.464290e-01,1,1,1,0,50,5.000000e-02,1.000000e-01,76,55
3.164937e-01,0,1,0,0,50,2.000000e-01,4.000000e-01,76,55
3.407769e-01,1,0,0,0,50,5.000000e-02,5.000000e-02,76,35
2.279067e+00,1,1,1,0,400,5.000000e-02,5.625000e-02,76,40
3.951792e-01,0,0,1,0,400,5.000000e-02,5.625000e-02,76,40
3.574184e-01,0,1,0,0,400,5.000000e-02,6.250000e-02,76,50
2.597899e-01,1,0,0,0,400,5.000000e-02,7.500000e-02,76,40
3.572192e-01,1,1,1,0,400,5.000000e-02,5.625000e-02,76,40
3.257300e-01,1,1,1,0,400,5.000000e-02,7.500000e-02,76,45
4.456465e-01,0,1,0,0,50,2.000000e-01,3.000000e-01,76,55
3.069576e-01,1,1,1,0,50,2.000000e-01,2.500000e-01,76,40
3.487295e-01,1,1,1,0,400,2.000000e-01,3.000000e-01,76,45
2.647123e-01,1,1,1,0,400,2.000000e-01,3.000000e-01,76,45
4.111237e-01,1,0,0,0,50,5.000000e-02,5.625000e-02,76,35
4.900739e-01,1,1,1,0,400,5.000000e-02,6.250000e-02,76,35
3.501903e-01,0,1,0,0,50,2.000000e-01,4.000000e-01,76,45
2.847928e-01,0,1,0,0,50,5.000000e-02,7.500000e-02,76,55
3.494094e-01,0,1,0,0,50,5.000000e-02,6.875000e-02,76,40
4.185110e-01,0,1,0,0,400,2.000000e-01,4.000000e-01,76,40
3.925677e-01,1,1,1,0,50,2.000000e-01,2.000000e-01,76,45
6.155226e-01,0,1,0,0,400,5.000000e-02,7.500000e-02,76,40
3.945224e-01,0,1,0,0,50,5.000000e-02,5.625000e-02,76,45
4.883771e-01,1,1,1,0,50,2.000000e-01,2.500000e-01,76,40
3.084834e-01,0,1,0,0,400,5.000000e-02,5.000000e-02,76,40
2.223131e-01,1,1,1,0,50,2.000000e-01,2.500000e-01,76,55
2.905884e-01,1,0,0,0,50,5.000000e-02,5.625000e-02,76,40
3.397758e-01,0,1,0,0,400,5.000000e-02,1.000000e-01,76,50
3.208328e-01,0,0,1,0,400,5.000000e-02,6.250000e-02,76,40
2.565480e-01,1,0,0,0,400,5.000000e-02,6.250000e-02,76,35
3.124295e-01,1,1,1,0,50,5.000000e-02,5.625000e-02,76,55
3.390942e-01,0,1,0,0,50,2.000000e-01,2.000000e-01,76,35
3.273986e-01,1,0,0,0,400,5.000000e-02,6.875000e-02,76,40
3.659812e-01,1,0,0,0,50,5.000000e-02,5.625000e-02,76,55
3.421650e-01,0,1,0,0,50,2.000000e-01,2.500000e-01,76,50
4.538013e-01,1,1,1,0,50,2.000000e-01,4.000000e-01,76,55
3.625076e-01,1,0,0,0,50,5.000000e-02,5.625000e-02,76,40
1.400252e-01,1,1,1,0,400,2.000000e-01,3.000000e-01,76,35
2.485608e-01,0,1,0,0,400,2.000000e-01,4.000000e-01,76,35
2.286770e-01,1,1,1,0,400,2.000000e-01,2.500000e-01,76,45
5.320507e-01,0,1,0,0,50,5.000000e-02,6.250000e-02,76,50
6.043761e-01,1,0,0,0,50,5.000000e-02,7.500000e-02,76,45
3.319152e-01,0,1,0,0,400,2.000000e-01,2.750000e-01,76,35
3.406328e-01,1,0,0,0,400,5.000000e-02,7.500000e-02,76,55
3.123564e-01,1,1,1,0,400,5.000000e-02,6.875000e-02,76,35
3.157227e-01,0,1,0,0,50,2.000000e-01,2.500000e-01,76,40
3.023546e-01,1,0,0,0,400,5.000000e-02,5.000000e-02,76,50
2.835198e-01,1,1,1,0,400,2.000000e-01,2.250000e-01,76,45
2.457650e-01,1,1,1,0,50,2.000000e-01,3.000000e-01,76,55
1.486629e-01,1,1,1,0,400,2.000000e-01,2.500000e-01,76,50
2.950824e-01,1,1,1,0,400,5.000000e-02,6.875000e-02,76,55
3.813942e-01,1,0,0,0,50,5.000000e-02,6.875000e-02,76,40
3.059193e-01,1,1,1,0,400,5.000000e-02,1.000000e-01,76,55
1.902714e-01,0,1,0,0,400,5.000000e-02,7.500000e-02,76,45
4.300064e-01,0,1,0,0,400,2.000000e-01,2.500000e-01,76,35
3.466482e-01,0,0,1,0,50,2.000000e-01,2.000000e-01,76,35
3.174263e-01,1,1,1,0,400,5.000000e-02,5.625000e-02,76,35
3.094861e-01,0,1,0,0,50,2.000000e-01,2.750000e-01,76,50
4.000268e-01,1,1,1,0,50,5.000000e-02,6.250000e-02,76,45
2.914946e-01,0,1,0,0,50,2.000000e-01,2.750000e-01,76,50
4.494570e-01,0,1,0,0,400,2.000000e-01,2.750000e-01,76,45
3.056781e-01,1,1,1,0,50,2.000000e-01,2.750000e-01,76,45
2.910156e-01,1,1,1,0,50,5.000000e-02,6.875000e-02,76,40
3.811996e-01,1,1,1,0,400,2.000000e-01,4.000000e-01,76,45
2.730934e-01,1,1,1,0,400,2.000000e-01,2.500000e-01,76,50
2.295588e-01,1,1,1,0,400,5.000000e-02,1.000000e-01,76,50
3.208589e-01,1,0,0,0,50,2.000000e-01,2.000000e-01,76,50
2.008505e-01,1,1,1,0,50,5.000000e-02,5.625000e-02,76,40
2.699597e-01,0,1,0,0,50,2.000000e-01,4.000000e-01,76,50
2.472591e-01,0,1,0,0,50,2.000000e-01,3.000000e-01,76,35
3.741985e-01,0,0,1,0,400,5.000000e-02,5.000000e-02,76,55
2.032199e-01,0,1,0,0,50,2.000000e-01,3.000000e-01,76,40
2.103549e-01,1,1,1,0,400,2.000000e-01,2.750000e-01,76,50
2.278547e-01,0,0,1,0,400,2.000000e-01,2.000000e-01,76,55
3.397621e-01,0,1,0,0,400,5.000000e-02,7.500000e-02,76,40
2.568273e-01,1,1,1,0,400,2.000000e-01,2.500000e-01,76,55
4.741803e-01,1,1,1,0,50,2.000000e-01,3.000000e-01,76,50
3.956941e-01,1,1,1,0,400,5.000000e-02,6.250000e-02,76,50
2.147330e-01,0,1,0,0,50,2.000000e-01,2.500000e-01,76,45
2.992334e-01,1,1,1,0,400,2.000000e-01,4.000000e-01,76,45
2.753658e-01,1,1,1,0,400,5.000000e-02,1.000000e-01,76,40
3.499025e-01,0,1,0,0,400,2.000000e-01,4.000000e-01,76,45
1.466051e-01,0,1,0,0,50,2.000000e-01,2.250000e-01,76,45
2.116254e-01,0,1,0,0,50,5.000000e-02,7.500000e-02,76,50
3.670961e-01,1,1,1,0,400,5.000000e-02,5.000000e-02,76,55
2.552664e-01,1,1,1,0,400,2.000000e-01,2.000000e-01,76,40
4.221026e-01,0,1,0,0,50,5.000000e-02,6.875000e-02,76,50
2.067432e-01,0,1,0,0,50,5.000000e-02,1.000000e-01,76,45
2.692481e-01,0,1,0,0,400,2.000000e-01,2.250000e-01,76,40
3.372139e-01,1,1,1,0,400,5.000000e-02,6.875000e-02,76,40
2.660089e-01,0,1,0,0,400,2.000000e-01,3.000000e-01,76,55
2.567969e-01,0,1,0,0,50,5.000000e-02,7.500000e-02,76,50
2.351261e-01,1,1,1,0,400,5.000000e-02,6.875000e-02,76,45
2.274254e-01,0,1,0,0,400,2.000000e-01,4.000000e-01,76,50
1.827978e-01,1,1,1,0,50,2.000000e-01,3.000000e-01,76,35
2.719251e-01,1,1,1,0,400,2.000000e-01,2.000000e-01,76,35
2.839961e-01,1,1,1,0,400,2.000000e-01,2.750000e-01,76,55
5.727385e-01,1,1,1,0,50,2.000000e-01,2.750000e-01,76,55
2.273659e-01,1,1,1,0,400,2.000000e-01,2.750000e-01,76,40
2.713580e-01,0,1,0,0,400,2.000000e-01,3.000000e-01,76,55
4.522024e-01,1,1,1,0,50,5.000000e-02,5.000000e-02,76,40
3.711016e-01,0,1,0,0,50,5.000000e-02,6.875000e-02,76,55
4.274244e-01,0,0,1,0,50,5.000000e-02,5.625000e-02,76,45
5.871859e-01,0,0,1,0,50,5.000000e-02,5.625000e-02,76,45
5.826945e-01,0,0,1,0,50,2.000000e-01,2.500000e-01,76,50
3.712535e-01,1,1,1,0,400,5.000000e-02,6.250000e-02,76,40
2.542671e-01,1,1,1,0,50,5.000000e-02,1.000000e-01,76,50
1.976176e-01,1,1,1,0,50,5.000000e-02,6.250000e-02,76,45
2.263837e-01,1,1,1,0,400,5.000000e-02,1.000000e-01,76,40
4.051113e-01,0,1,0,0,400,5.000000e-02,5.000000e-02,76,50
2.207249e-01,1,1,1,0,400,2.000000e-01,2.750000e-01,76,35
4.159751e-01,1,0,0,0,50,5.000000e-02,7.500000e-02,76,45
3.322154e-01,1,1,1,0,50,5.000000e-02,6.875000e-02,76,35
3.948007e-01,1,0,0,0,50,5.000000e-02,5.000000e-02,76,55
3.613184e-01,1,1,1,0,50,2.000000e-01,4.000000e-01,76,50
4.762342e-01,1,1,1,0,400,5.000000e-02,5.625000e-02,76,40
2.230097e-01,1,1,1,0,400,2.000000e-01,2.500000e-01,76,35
4.779875e-01,1,1,1,0,50,5.000000e-02,6.250000e-02,76,45
5.941981e-01,0,1,0,0,400,5.000000e-02,7.500000e-02,76,45
5.080086e-01,1,1,1,0,400,5.000000e-02,1.000000e-01,76,40
3.033095e-01,1,1,1,0,50,5.000000e-02,6.875000e-02,76,50
4.038998e-01,0,0,1,0,50,5.000000e-02,5.000000e-02,76,40
3.719064e-01,0,1,0,0,50,2.000000e-01,2.750000e-01,76,50
4.667315e-01,0,0,1,0,400,5.000000e-02,5.000000e-02,76,45
3.524982e-01,0,1,0,0,50,2.000000e-01,3.000000e-01,76,50
3.111325e-01,1,1,1,0,400,5.000000e-02,5.000000e-02,76,50
3.596391e-01,1,1,1,0,50,5.000000e-02,6.875000e-02,76,45
3.572127e-01,1,1,1,0,50,2.000000e-01,2.000000e-01,76,45
3.797940e-01,0,1,0,0,400,5.000000e-02,6.875000e-02,76,45
3.127592e-01,0,1,0,0,50,5.000000e-02,1.000000e-01,76,50
2.942968e-01,0,1,0,0,50,5.000000e-02,7.500000e-02,76,45
1.800353e-01,1,1,1,0,50,2.000000e-01,3.000000e-01,76,40
3.586231e-01,1,1,1,0,400,5.000000e-02,7.500000e-02,76,40
2.572280e-01,1,1,1,0,50,5.000000e-02,5.625000e-02,76,50
2.502397e-01,1,1,1,0,400,2.000000e-01,2.750000e-01,76,50
3.818749e-01,1,0,0,0,400,5.000000e-02,6.250000e-02,76,55
4.016522e-01,1,1,1,0,400,5.000000e-02,7.500000e-02,76,40
3.778094e-01,0,0,1,0,50,5.000000e-02,5.625000e-02,76,55
3.608938e-01,0,0,1,0,50,5.000000e-02,5.000000e-02,76,40
2.388793e-01,1,1,1,0,50,2.000000e-01,2.500000e-01,76,40
4.118921e-01,1,1,1,0,50,5.000000e-02,5.000000e-02,76,55
3.095528e-01,0,1,0,0,400,5.000000e-02,1.000000e-01,76,40
5.517048e-01,0,0,1,0,400,2.000000e-01,2.000000e-01,76,50
3.679462e-01,1,1,1,0,50,5.000000e-02,5.000000e-02,76,55
4.014978e-01,0,1,0,0,50,5.000000e-02,7.500000e-02,76,45
5.352891e-01,0,1,0,0,400,5.000000e-02,5.000000e-02,76,45
4.379381e-01,0,0,1,0,400,5.000000e-02,5.625000e-02,76,50
6.499842e-01,1,1,1,0,50,5.000000e-02,5.625000e-02,76,55
3.720074e-01,1,1,1,0,400,2.000000e-01,2.250000e-01,76,55
3.761733e-01,1,1,1,0,50,2.000000e-01,2.000000e-01,76,45
3.172484e-01,0,1,0,0,400,5.000000e-02,1.000000e-01,76,35
2.783827e-01,1,1,1,0,50,5.000000e-02,7.500000e-02,76,45
2.727329e-01,0,1,0,0,50,2.000000e-01,2.250000e-01,76,55
3.131394e-01,0,1,0,0,400,2.000000e-01,3.000000e-01,76,35
4.305700e-01,0,1,0,0,400,2.000000e-01,2.250000e-01,76,50
1.749324e-01,0,0,1,0,50,5.000000e-02,5.625000e-02,76,40
2.372698e-01,1,0,0,0,400,5.000000e-02,6.250000e-02,76,40
6.993486e-01,1,0,0,0,400,5.000000e-02,5.625000e-02,76,55
2.868942e-01,0,1,0,0,400,2.000000e-01,2.250000e-01,76,35
3.435052e-01,0,1,0,0,50,5.000000e-02,7.500000e-02,76,35
2.958970e-01,1,1,1,0,50,5.000000e-02,1.000000e-01,76,40
4.038690e-01,0,1,0,0,400,2.000000e-01,2.250000e-01,76,55
3.850543e-01,1,1,1,0,400,2.000000e-01,2.500000e-01,76,35
2.563419e-01,1,1,1,0,400,5.000000e-02,6.875000e-02,76,50
2.767440e-01,1,0,0,0,50,2.000000e-01,2.000000e-01,76,40
3.527560e-01,1,1,1,0,50,2.000000e-01,4.000000e-01,76,55
3.221123e-01,0,1,0,0,400,2.000000e-01,3.000000e-01,76,35
4.665211e-01,0,1,0,0,400,5.000000e-02,6.875000e-02,76,40
2.129677e-01,1,1,1,0,400,2.000000e-01,2.250000e-01,76,50
2.527836e-01,0,1,0,0,400,5.000000e-02,6.875000e-02,76,55
3.576596e-01,0,1,0,0,400,5.000000e-02,6.875000e-02,76,40
4.120033e-01,1,1,1,0,400,2.000000e-01,2.750000e-01,76,35
2.178773e-01,0,1,0,0,50,2.000000e-01,2.500000e-01,76,55
4.344469e-01,0,1,0,0,400,5.000000e-02,5.625000e-02,76,55
3.644260e-01,0,1,0,0,50,5.000000e-02,6.250000e-02,76,50
9.837562e-02,1,1,1,0,400,5.000000e-02,7.500000e-02,76,40
2.991491e-01,0,1,0,0,50,2.000000e-01,2.250000e-01,76,40
3.747159e-01,0,1,0,0,50,2.000000e-01,4.000000e-01,76,35
2.064780e-01,1,1,1,0,50,2.000000e-01,2.750000e-01,76,45
3.395205e-01,0,1,0,0,50,5.000000e-02,6.875000e-02,76,40
3.753206e-01,0,1,0,0,50,5.000000e-02,6.250000e-02,76,35
3.001485e-01,1,1,1,0,50,2.000000e-01,2.750000e-01,76,45
2.646353e-01,0,1,0,0,400,5.000000e-02,6.875000e-02,76,50
1.709491e-01,1,0,0,0,50,5.000000e-02,6.250000e-02,76,40
2.866320e-01,0,1,0,0,400,2.000000e-01,2.500000e-01,76,50
2.253873e-01,1,1,1,0,400,2.000000e-01,4.000000e-01,76,35
2.913945e-01,0,1,0,0,400,5.000000e-02,1.000000e-01,76,55
2.920270e-01,0,1,0,0,400,5.000000e-02,1.000000e-01,76,45
1.364130e-04,0,1,0,0,400,2.000000e-01,4.000000e-01,76,50
1.734883e-02,0,1,0,0,50,5.000000e-02,5.625000e-02,76,45
1.243261e+00,0,1,0,0,400,5.000000e-02,7.500000e-02,76,35
2.733256e-01,0,1,0,0,400,2.000000e-01,2.500000e-01,76,45
3.574646e-01,0,1,0,0,400,2.000000e-01,2.750000e-01,76,50
1.643538e-01,1,1,1,0,50,5.000000e-02,7.500000e-02,76,55
3.255512e-01,1,1,1,0,400,5.000000e-02,6.250000e-02,76,55
5.011995e-01,1,1,1,0,400,2.000000e-01,2.000000e-01,76,45
4.128304e-01,1,0,0,0,400,5.000000e-02,6.875000e-02,76,50
2.885927e-01,0,1,0,0,50,2.000000e-01,4.000000e-01,76,40
2.424740e-01,0,1,0,0,400,2.000000e-01,4.000000e-01,76,55
2.138101e-01,1,1,1,0,50,5.000000e-02,5.000000e-02,76,55
4.073358e-01,1,0,0,0,400,5.000000e-02,5.000000e-02,76,50
4.457777e-01,1,1,1,0,50,5.000000e-02,7.500000e-02,76,40
3.485191e-01,0,1,0,0,400,2.000000e-01,4.000000e-01,76,50
4.206581e-01,1,1,1,0,50,5.000000e-02,7.500000e-02,76,35
3.864718e-01,0,1,0,0,400,2.000000e-01,2.000000e-01,76,55
2.538219e-01,1,1,1,0,50,5.000000e-02,6.875000e-02,76,50
3.126771e-01,0,1,0,0,400,2.000000e-01,4.000000e-01,76,40
2.590022e-01,1,1,1,0,400,2.000000e-01,3.000000e-01,76,40
4.129291e-01,1,1,1,0,50,2.000000e-01,2.750000e-01,76,50
3.607655e-01,1,1,1,0,50,5.000000e-02,6.875000e-02,76,45
3.536297e-01,1,1,1,0,50,5.000000e-02,7.500000e-02,76,40
2.308737e-01,1,0,0,0,400,2.000000e-01,2.500000e-01,76,40
2.811742e-01,1,1,1,0,400,5.000000e-02,6.250000e-02,76,45
2.567276e-01,1,0,0,0,400,5.000000e-02,5.000000e-02,76,40
4.945687e-01,1,1,1,0,400,5.000000e-02,7.500000e-02,76,45
3.645534e-01,1,1,1,0,400,5.000000e-02,6.250000e-02,76,45
4.502332e-01,0,1,0,0,50,2.000000e-01,2.000000e-01,76,35
1.754041e-01,1,1,1,0,400,5.000000e-02,1.000000e-01,76,55
3.136209e-01,0,1,0,0,400,5.000000e-02,6.250000e-02,76,45
2.145025e-01,1,1,1,0,400,2.000000e-01,3.000000e-01,76,55
2.665532e-01,0,1,0,0,400,2.000000e-01,2.750000e-01,76,35
3.582981e-01,1,0,0,0,400,5.000000e-02,6.250000e-02,76,50
3.805257e-01,0,0,1,0,400,5.000000e-02,6.875000e-02,76,45
4.107157e-01,0,0,1,0,50,2.000000e-01,2.000000e-01,76,35
2.505647e-01,0,1,0,0,400,2.000000e-01,4.000000e-01,76,45
2.313108e-01,1,1,1,0,400,5.000000e-02,7.500000e-02,76,50
1.971558e-01,1,1,1,0,400,2.000000e-01,2.500000e-01,76,45
2.804135e-01,0,1,0,0,50,5.000000e-02,1.000000e-01,76,40
4.697629e-01,0,1,0,0,50,2.000000e-01,2.500000e-01,76,45
3.053963e-01,1,1,1,0,400,5.000000e-02,1.000000e-01,76,50
3.115272e-01,0,1,0,0,400,2.000000e-01,3.000000e-01,76,50
4.517983e-01,0,1,0,0,50,2.000000e-01,2.500000e-01,76,55
4.110963e-01,0,1,0,0,400,2.000000e-01,2.250000e-01,76,35
3.344382e-01,0,1,0,0,50,2.000000e-01,2.750000e-01,76,35
2.589256e-01,0,1,0,0,50,2.000000e-01,2.250000e-01,76,50
2.479177e-01,1,1,1,0,50,5.000000e-02,1.000000e-01,76,35
2.435465e-01,1,1,1,0,400,5.000000e-02,1.000000e-01,76,50
2.221912e-01,0,1,0,0,50,5.000000e-02,5.000000e-02,76,40
2.283099e+00,1,0,0,0,400,2.000000e-01,2.000000e-01,76,45
2.781466e-01,1,1,1,0,50,2.000000e-01,2.750000e-01,76,55
4.384486e-01,0,0,1,0,400,5.000000e-02,6.875000e-02,76,45
2.886851e-01,0,1,0,0,50,5.000000e-02,5.000000e-02,76,45
2.509466e-01,0,1,0,0,400,5.000000e-02,7.500000e-02,76,40
3.221794e-01,0,1,0,0,400,5.000000e-02,1.000000e-01,76,40
2.517141e-01,1,1,1,0,400,2.000000e-01,2.250000e-01,76,55
3.624332e-01,1,1,1,0,50,2.000000e-01,2.000000e-01,76,55
2.103429e-01,0,1,0,0,50,2.000000e-01,3.000000e-01,76,35
4.130844e-01,0,0,1,0,50,5.000000e-02,5.625000e-02,76,50
4.341048e-01,0,1,0,0,400,5.000000e-02,5.625000e-02,76,50
3.850423e-01,0,1,0,0,400,2.000000e-01,4.000000e-01,76,45
3.536921e-01,1,1,1,0,50,2.000000e-01,2.750000e-01,76,35
3.271232e-01,1,1,1,0,400,2.000000e-01,2.250000e-01,76,50
5.693432e-01,1,0,0,0,400,5.000000e-02,5.000000e-02,76,40
3.870735e-01,0,1,0,0,400,5.000000e-02,6.250000e-02,76,40
3.602207e-01,1,1,1,0,400,2.000000e-01,4.000000e-01,76,50
3.780168e-01,1,0,0,0,50,2.000000e-01,2.250000e-01,76,50
4.344768e-01,0,1,0,0,50,2.000000e-01,4.000000e-01,76,50
2.544587e-01,1,1,1,0,400,2.000000e-01,4.000000e-01,76,35
3.065090e-01,0,1,0,0,50,5.000000e-02,6.250000e-02,76,50
2.543492e-01,1,1,1,0,50,2.000000e-01,4.000000e-01,76,50
3.706005e-01,0,1,0,0,50,5.000000e-02,6.250000e-02,76,45
2.352325e-01,1,1,1,0,50,2.000000e-01,2.750000e-01,76,40
2.018297e-01,1,0,0,0,400,2.000000e-01,2.000000e-01,76,50
3.303214e-01,0,1,0,0,50,5.000000e-02,6.875000e-02,76,55
2.169220e-01,1,1,1,0,50,5.000000e-02,7.500000e-02,76,50
2.752067e-01,1,1,1,0,400,5.000000e-02,5.625000e-02,76,40
2.280061e-01,1,1,1,0,50,2.000000e-01,3.000000e-01,76,55
3.600676e-01,1,0,0,0,50,5.000000e-02,5.000000e-02,76,35
2.364453e-01,0,1,0,0,400,2.000000e-01,2.750000e-01,76,45
4.738198e-01,0,0,1,0,50,5.000000e-02,6.875000e-02,76,40
3.309333e-01,0,1,0,0,400,5.000000e-02,7.500000e-02,76,40
3.683627e-01,0,1,0,0,50,5.000000e-02,6.875000e-02,76,45
3.069640e-01,0,1,0,0,50,5.000000e-02,7.500000e-02,76,50
2.365907e-01,1,1,1,0,400,2.000000e-01,2.750000e-01,76,45
2.824456e-01,0,1,0,0,50,5.000000e-02,5.000000e-02,76,55
2.636437e-01,0,1,0,0,50,5.000000e-02,5.000000e-02,76,35
1.885519e-01,1,1,1,0,50,2.000000e-01,4.000000e-01,76,35
2.098610e-01,0,0,1,0,400,2.000000e-01,2.000000e-01,76,40
4.265875e-01,1,0,0,0,400,5.000000e-02,6.250000e-02,76,45
3.132424e-01,0,1,0,0,50,2.000000e-01,2.750000e-01,76,55
2.891114e-01,1,1,1,0,50,5.000000e-02,5.625000e-02,76,50
1.834935e-01,1,1,1,0,50,5.000000e-02,1.000000e-01,76,35
2.483196e-01,0,1,0,0,50,5.000000e-02,6.250000e-02,76,55
2.708342e-01,0,1,0,0,50,5.000000e-02,5.000000e-02,76,50
1.223129e-01,1,1,1,0,50,2.000000e-01,2.500000e-01,76,45
1.633446e-01,0,1,0,0,400,2.000000e-01,3.000000e-01,76,55
2.113085e-01,0,1,0,0,400,2.000000e-01,2.750000e-01,76,55
2.298774e-01,0,1,0,0,50,5.000000e-02,1.000000e-01,76,45
1.776166e-01,0,1,0,0,400,2.000000e-01,2.500000e-01,76,35
2.850562e-02,1,1,1,0,400,5.000000e-02,6.875000e-02,76,35
1.624585e-01,0,1,0,0,400,2.000000e-01,3.000000e-01,76,35
1.239528e-01,1,1,1,0,400,5.000000e-02,6.250000e-02,76,45
2.136002e-01,1,1,1,0,50,5.000000e-02,1.000000e-01,76,40
2.670865e-01,1,0,0,0,400,5.000000e-02,6.250000e-02,76,55
2.607965e-01,0,1,0,0,50,2.000000e-01,2.750000e-01,76,55
2.284273e-01,1,0,0,0,400,2.000000e-01,2.000000e-01,76,50
2.433981e-01,1,1,1,0,400,5.000000e-02,7.500000e-02,76,50
2.286693e-01,1,1,1,0,400,2.000000e-01,4.000000e-01,76,45
2.761975e-01,1,1,1,0,400,5.000000e-02,5.625000e-02,76,50
3.861862e-01,0,1,0,0,50,2.000000e-01,4.000000e-01,76,50
2.950122e-01,1,1,1,0,400,5.000000e-02,1.000000e-01,76,35
2.676078e-01,1,0,0,0,50,5.000000e-02,5.000000e-02,76,45
2.657968e-01,0,1,0,0,50,2.000000e-01,3.000000e-01,76,40
2.597386e-01,1,0,0,0,50,2.000000e-01,2.000000e-01,76,45
3.028207e-01,1,1,1,0,50,5.000000e-02,5.625000e-02,76,40
3.389407e-01,1,0,0,0,50,2.000000e-01,2.250000e-01,76,55
3.017234e-01,1,1,1,0,50,2.000000e-01,2.250000e-01,76,40
3.943710e-01,1,0,0,0,400,5.000000e-02,5.000000e-02,76,50
3.713167e-01,0,1,0,0,50,5.000000e-02,6.875000e-02,76,50
4.151990e-01,0,1,0,0,400,5.000000e-02,5.625000e-02,76,35
3.413730e-01,1,1,1,0,400,5.000000e-02,7.500000e-02,76,35
3.620240e-01,0,1,0,0,400,2.000000e-01,4.000000e-01,76,50
3.045757e-01,0,1,0,0,50,2.000000e-01,2.750000e-01,76,55
3.255358e-01,1,0,0,0,400,5.000000e-02,5.625000e-02,76,55
3.494500e-01,1,0,0,0,50,5.000000e-02,6.250000e-02,76,40
3.208251e-01,1,1,1,0,400,2.000000e-01,3.000000e-01,76,35
3.155820e-01,0,1,0,0,400,2.000000e-01,2.750000e-01,76,50
2.423897e-01,1,1,1,0,400,2.000000e-01,2.250000e-01,76,55
3.412379e-01,1,1,1,0,50,5.000000e-02,5.625000e-02,76,35
2.868309e-01,0,1,0,0,400,2.000000e-01,3.000000e-01,76,40
3.924103e-01,0,1,0,0,400,5.000000e-02,5.625000e-02,76,35
4.823219e-01,0,1,0,0,50,5.000000e-02,5.000000e-02,76,45
3.023679e-01,0,1,0,0,50,2.000000e-01,2.250000e-01,76,50
2.658900e-01,0,1,0,0,50,2.000000e-01,2.000000e-01,76,55
3.715507e-01,0,0,1,0,400,5.000000e-02,5.000000e-02,76,50
2.998171e-01,1,1,1,0,400,5.000000e-02,7.500000e-02,76,35
3.194007e-01,0,1,0,0,400,5.000000e-02,5.625000e-02,76,45
2.767141e-01,1,1,1,0,400,5.000000e-02,6.875000e-02,76,40
2.749420e-01,0,1,0,0,400,2.000000e-01,2.500000e-01,76,55
4.327898e-01,0,1,0,0,400,2.000000e-01,4.000000e-01,76,50
2.011177e-01,1,1,1,0,50,2.000000e-01,2.750000e-01,76,45
2.450834e-01,1,1,1,0,400,2.000000e-01,4.000000e-01,76,40
2.889617e-01,0,0,1,0,400,5.000000e-02,5.625000e-02,76,40
2.201544e-01,1,1,1,0,400,2.000000e-01,4.000000e-01,76,55
4.041777e-01,1,1,1,0,400,5.000000e-02,7.500000e-02,76,35
2.037250e-01,0,1,0,0,400,5.000000e-02,1.000000e-01,76,50
3.608476e-01,1,1,1,0,400,2.000000e-01,2.000000e-01,76,45
2.773850e-01,1,1,1,0,50,2.000000e-01,2.750000e-01,76,40
2.810618e-01,1,1,1,0,50,2.000000e-01,4.000000e-01,76,35
2.549278e-01,0,1,0,0,400,5.000000e-02,1.000000e-01,76,50
4.847628e-01,0,0,1,0,50,2.000000e-01,2.000000e-01,76,40
4.240338e-01,1,1,1,0,50,5.000000e-02,1.000000e-01,76,55
5.426195e-01,1,1,1,0,50,2.000000e-01,2.000000e-01,76,45
3.477776e-01,1,1,1,0,400,2.000000e-01,3.000000e-01,76,40
3.231766e-01,1,1,1,0,50,2.000000e-01,4.000000e-01,76,40
2.688090e-01,0,1,0,0,400,2.000000e-01,2.500000e-01,76,45
3.286473e-01,0,0,1,0,50,5.000000e-02,6.250000e-02,76,35
2.765302e-01,0,1,0,0,50,2.000000e-01,3.000000e-01,76,40
4.069047e-01,0,1,0,0,50,2.000000e-01,2.500000e-01,76,45
3.549284e-01,0,1,0,0,400,2.000000e-01,2.250000e-01,76,40
2.926282e-01,0,1,0,0,400,2.000000e-01,2.750000e-01,76,40
2.565040e-01,1,1,1,0,50,2.000000e-01,2.500000e-01,76,35
3.703469e-01,1,1,1,0,50,2.000000e-01,4.000000e-01,76,55
4.299354e-01,1,1,1,0,400,5.000000e-02,6.250000e-02,76,40
1.949167e-01,0,1,0,0,50,5.000000e-02,1.000000e-01,76,40
2.628585e-01,1,1,1,0,400,2.000000e-01,3.000000e-01,76,40
2.533113e-01,0,0,1,0,400,5.000000e-02,5.000000e-02,76,45
2.424727e-01,1,1,1,0,400,2.000000e-01,2.750000e-01,76,45
2.686892e-01,1,1,1,0,50,5.000000e-02,1.000000e-01,76,35
2.589868e-01,1,1,1,0,400,5.000000e-02,7.500000e-02,76,35
2.161351e-01,0,1,0,0,50,5.000000e-02,1.000000e-01,76,45
1.394389e-01,1,1,1,0,50,2.000000e-01,3.000000e-01,76,50
3.385023e-01,0,0,1,0,400,5.000000e-02,5.000000e-02,76,35
1.841837e-01,0,1,0,0,50,2.000000e-01,4.000000e-01,76,45
3.149974e-01,1,1,1,0,400,2.000000e-01,4.000000e-01,76,35
3.145069e-01,1,0,0,0,400,2.000000e-01,2.250000e-01,76,40
7.730617e-01,1,1,1,0,400,2.000000e-01,2.000000e-01,76,55
3.741079e-01,0,1,0,0,400,5.000000e-02,6.875000e-02,76,55
2.678836e-01,0,1,0,0,400,5.000000e-02,7.500000e-02,76,45
2.848150e-01,1,1,1,0,400,5.000000e-02,7.500000e-02,76,50
2.841261e-01,1,1,1,0,400,5.000000e-02,5.625000e-02,76,40
2.047876e-01,0,1,0,0,400,5.000000e-02,1.000000e-01,76,55
4.596769e-01,1,0,0,0,50,2.000000e-01,2.250000e-01,76,55
3.322757e-01,0,1,0,0,400,2.000000e-01,2.250000e-01,76,55
3.429518e-01,0,1,0,0,400,5.000000e-02,6.250000e-02,76,50
2.818781e-01,0,0,1,0,400,5.000000e-02,5.625000e-02,76,35
4.133255e-01,1,1,1,0,400,5.000000e-02,6.250000e-02,76,40
4.073058e-01,1,1,1,0,400,5.000000e-02,6.250000e-02,76,55
3.287003e-01,1,1,1,0,400,5.000000e-02,5.625000e-02,76,45
9.322408e-01,0,0,1,0,50,5.000000e-02,1.000000e-01,76,35
3.478357e-01,1,1,1,0,50,2.000000e-01,2.500000e-01,76,50
3.102614e-01,1,1,1,0,400,5.000000e-02,1.000000e-01,76,50
2.561824e-01,1,1,1,0,400,2.000000e-01,3.000000e-01,76,40
3.382659e-01,0,1,0,0,400,2.000000e-01,2.000000e-01,76,55
4.562212e-01,0,0,1,0,50,5.000000e-02,5.000000e-02,76,40
4.516773e-01,0,1,0,0,50,5.000000e-02,1.000000e-01,76,55
2.894368e-01,1,1,1,0,400,5.000000e-02,6.250000e-02,76,55
2.902224e-01,0,1,0,0,50,5.000000e-02,5.625000e-02,76,40
2.312680e-01,1,1,1,0,400,5.000000e-02,7.500000e-02,76,40
2.624352e-01,0,1,0,0,400,2.000000e-01,3.000000e-01,76,45
2.484197e-01,1,1,1,0,400,5.000000e-02,5.625000e-02,76,55
2.015757e-01,0,1,0,0,400,2.000000e-01,2.750000e-01,76,55
1.926486e-01,1,1,1,0,400,2.000000e-01,2.500000e-01,76,50
2.850267e-01,0,1,0,0,400,2.000000e-01,2.000000e-01,76,50
2.300950e-01,1,1,1,0,400,5.000000e-02,6.875000e-02,76,40
2.677647e-01,1,1,1,0,50,2.000000e-01,2.000000e-01,76,35
2.257850e-01,1,1,1,0,400,2.000000e-01,2.500000e-01,76,40
3.873643e-01,1,0,0,0,400,2.000000e-01,2.000000e-01,76,55
2.368960e-01,1,1,1,0,50,2.000000e-01,2.500000e-01,76,45
2.426925e-01,0,1,0,0,50,2.000000e-01,4.000000e-01,76,35
4.335438e-01,0,0,1,0,50,5.000000e-02,6.250000e-02,76,40
3.559277e-01,0,1,0,0,50,5.000000e-02,5.625000e-02,76,55
3.836551e-01,0,1,0,0,50,5.000000e-02,5.000000e-02,76,45
5.452447e-01,0,1,0,0,400,2.000000e-01,2.000000e-01,76,40
2.643112e-01,0,1,0,0,400,5.000000e-02,1.000000e-01,76,45
2.149750e-01,1,1,1,0,50,5.000000e-02,6.875000e-02,76,35
3.903273e-01,1,0,0,0,400,2.000000e-01,2.000000e-01,76,50
3.348239e-01,0,1,0,0,50,5.000000e-02,6.875000e-02,76,35
1.793455e-01,0,1,0,0,400,2.000000e-01,3.000000e-01,76,35
5.431121e-02,1,1,1,0,400,5.000000e-02,1.000000e-01,76,50
4.407454e-01,1,1,1,0,50,2.000000e-01,3.000000e-01,76,40
4.262921e-01,1,1,1,0,50,5.000000e-02,6.250000e-02,76,35
7.506660e-01,1,1,1,0,50,5.000000e-02,6.250000e-02,76,40
3.728181e-01,0,1,0,0,400,2.000000e-01,3.000000e-01,76,55
3.166810e-01,1,1,1,0,50,2.000000e-01,2.750000e-01,76,55
3.902260e-01,0,1,0,0,50,5.000000e-02,5.625000e-02,76,45
3.971296e-01,0,1,0,0,50,2.000000e-01,2.250000e-01,76,50
3.487624e-01,1,1,1,0,50,5.000000e-02,1.000000e-01,76,50
2.713927e-01,1,1,1,0,50,5.000000e-02,6.250000e-02,76,50
2.508478e-01,1,1,1,0,50,2.000000e-01,4.000000e-01,76,35
3.428641e-01,1,1,1,0,400,2.000000e-01,2.500000e-01,76,55
3.153519e-01,0,1,0,0,50,2.000000e-01,2.000000e-01,76,45
3.061288e-01,0,1,0,0,50,2.000000e-01,4.000000e-01,76,50
3.148610e-01,0,1,0,0,50,5.000000e-02,6.250000e-02,76,40
4.254659e-01,1,0,0,0,400,2.000000e-01,2.250000e-01,76,50
4.846567e-01,0,0,1,0,400,5.000000e-02,5.000000e-02,76,45
2.166449e-01,0,1,0,0,400,5.000000e-02,6.250000e-02,76,55
3.278553e-01,1,0,0,0,400,2.000000e-01,2.000000e-01,76,55
2.801667e-01,1,1,1,0,50,2.000000e-01,2.750000e-01,76,40
4.383336e-01,1,1,1,0,50,2.000000e-01,2.000000e-01,76,50
2.725712e-01,1,1,1,0,400,2.000000e-01,2.750000e-01,76,55
2.197914e-01,1,1,1,0,400,2.000000e-01,2.250000e-01,76,45
2.562444e-01,1,1,1,0,400,2.000000e-01,3.000000e-01,76,40
1.732625e-01,0,1,0,0,50,2.000000e-01,2.750000e-01,76,55
3.043033e-01,1,1,1,0,50,5.000000e-02,1.000000e-01,76,50
2.646862e-01,0,1,0,0,400,5.000000e-02,1.000000e-01,76,50
2.966826e-01,0,1,0,0,400,5.000000e-02,6.875000e-02,76,40
2.597386e-01,0,1,0,0,400,2.000000e-01,3.000000e-01,76,55
2.898084e-01,0,1,0,0,50,2.000000e-01,4.000000e-01,76,40
2.759315e-01,0,1,0,0,400,5.000000e-02,1.000000e-01,76,40
2.975160e-01,0,1,0,0,50,2.000000e-01,3.000000e-01,76,40
2.718190e-01,1,1,1,0,400,5.000000e-02,5.625000e-02,76,55
2.087616e-01,1,1,1,0,400,2.000000e-01,2.000000e-01,76,40
3.103350e-01,1,1,1,0,400,2.000000e-01,4.000000e-01,76,45
2.175194e-01,1,0,0,0,400,5.000000e-02,5.000000e-02,76,35
2.002792e-01,0,1,0,0,50,2.000000e-01,2.750000e-01,76,40
4.338713e-01,1,0,0,0,400,2.000000e-01,2.000000e-01,76,35
1.722435e-01,1,1,1,0,50,5.000000e-02,7.500000e-02,76,35
2.463987e-01,1,1,1,0,400,2.000000e-01,2.500000e-01,76,50
2.434006e-01,1,1,1,0,400,2.000000e-01,4.000000e-01,76,55
1.381881e-01,0,1,0,0,400,2.000000e-01,4.000000e-01,76,35
6.692150e-01,0,1,0,0,400,2.000000e-01,2.750000e-01,76,50
2.393083e-01,1,0,0,0,400,5.000000e-02,5.625000e-02,76,40
3.449274e-01,0,1,0,0,400,2.000000e-01,2.000000e-01,76,35
2.692781e-01,1,0,0,0,50,2.000000e-01,2.000000e-01,76,35
2.875698e-01,1,1,1,0,400,2.000000e-01,3.000000e-01,76,55
2.822189e-01,1,1,1,0,50,2.000000e-01,2.500000e-01,76,40
3.226425e-01,1,1,1,0,50,5.000000e-02,6.875000e-02,76,40
3.838454e-01,0,1,0,0,50,2.000000e-01,4.000000e-01,76,35
3.669609e-01,0,1,0,0,50,5.000000e-02,6.875000e-02,76,50
4.625078e-01,1,1,1,0,400,5.000000e-02,6.875000e-02,76,55
2.878807e-01,0,1,0,0,50,2.000000e-01,2.500000e-01,76,40
8.236423e-01,0,1,0,0,400,2.000000e-01,2.750000e-01,76,35
2.568307e-01,1,1,1,0,50,5.000000e-02,7.500000e-02,76,40
3.117662e-01,1,0,0,0,50,5.000000e-02,5.625000e-02,76,35
3.100771e-01,0,1,0,0,50,5.000000e-02,5.000000e-02,76,40
3.681288e-01,0,1,0,0,400,2.000000e-01,2.750000e-01,76,45
3.101947e-01,0,1,0,0,400,2.000000e-01,4.000000e-01,76,45
2.125238e-01,1,1,1,0,50,2.000000e-01,4.000000e-01,76,35
2.860787e-01,0,1,0,0,50,2.000000e-01,2.750000e-01,76,40
3.389394e-01,1,1,1,0,400,5.000000e-02,5.000000e-02,76,50
3.067733e-01,0,0,1,0,50,5.000000e-02,5.000000e-02,76,55
3.159074e-01,1,0,0,0,50,5.000000e-02,5.000000e-02,76,50
3.945634e-01,1,1,1,0,400,5.000000e-02,5.000000e-02,76,55
3.470091e-01,0,1,0,0,400,5.000000e-02,6.250000e-02,76,40
5.339750e-01,0,0,1,0,50,5.000000e-02,5.625000e-02,76,45
2.795809e-01,1,1,1,0,400,2.000000e-01,3.000000e-01,76,55
3.107130e-01,0,1,0,0,400,2.000000e-01,2.000000e-01,76,35
3.773018e-01,0,1,0,0,400,2.000000e-01,2.750000e-01,76,55
4.541892e-01,1,1,1,0,50,5.000000e-02,6.875000e-02,76,35
3.086416e-01,0,1,0,0,50,5.000000e-02,1.000000e-01,76,35
3.473461e-01,0,1,0,0,50,2.000000e-01,2.500000e-01,76,40
3.784701e-01,1,1,1,0,50,5.000000e-02,6.875000e-02,76,35
3.448513e-01,0,1,0,0,50,2.000000e-01,2.250000e-01,76,35
3.214529e-01,0,0,1,0,50,5.000000e-02,5.000000e-02,76,35
3.333760e-01,0,1,0,0,50,5.000000e-02,7.500000e-02,76,45
4.771155e-01,1,1,1,0,400,5.000000e-02,6.250000e-02,76,45
3.192266e-01,1,1,1,0,50,2.000000e-01,3.000000e-01,76,40
4.221552e-01,0,0,1,0,50,2.000000e-01,2.000000e-01,76,55
3.343227e-01,0,1,0,0,50,5.000000e-02,6.250000e-02,76,50
3.340349e-01,1,1,1,0,50,5.000000e-02,1.000000e-01,76,50
2.926590e-01,0,1,0,0,50,5.000000e-02,1.000000e-01,76,45
2.652597e-01,1,1,1,0,400,2.000000e-01,2.750000e-01,76,45
6.197681e-01,0,0,1,0,50,2.000000e-01,2.250000e-01,76,40
3.260165e-01,0,1,0,0,50,5.000000e-02,1.000000e-01,76,55
2.063181e-01,1,1,1,0,400,2.000000e-01,2.750000e-01,76,35
2.831550e-01,0,1,0,0,50,5.000000e-02,5.625000e-02,76,40
3.534394e-01,0,0,1,0,50,5.000000e-02,6.250000e-02,76,35
3.979318e-01,0,1,0,0,400,5.000000e-02,6.250000e-02,76,45
2.950627e-01,0,0,1,0,50,2.000000e-01,2.250000e-01,76,40
2.135429e-01,1,1,1,0,400,2.000000e-01,2.750000e-01,76,35
2.974591e-01,1,1,1,0,400,2.000000e-01,3.000000e-01,76,35
2.712965e-01,1,1,1,0,50,2.000000e-01,2.250000e-01,76,40
1.798480e-01,1,1,1,0,50,2.000000e-01,2.750000e-01,76,50
2.740624e-01,0,1,0,0,400,2.000000e-01,2.750000e-01,76,35
2.169228e-01,1,1,1,0,50,5.000000e-02,6.250000e-02,76,55
2.498510e-01,0,1,0,0,50,5.000000e-02,1.000000e-01,76,40
2.674333e-01,1,1,1,0,50,2.000000e-01,4.000000e-01,76,55
2.948643e-01,1,1,1,0,400,5.000000e-02,6.250000e-02,76,45
1.877638e-01,1,1,1,0,50,5.000000e-02,5.000000e-02,76,35
3.071889e-01,0,0,1,0,50,5.000000e-02,5.000000e-02,76,55
2.290743e-01,0,1,0,0,50,2.000000e-01,3.000000e-01,76,55
1.915834e-01,1,1,1,0,50,5.000000e-02,6.875000e-02,76,55
4.605668e-01,0,1,0,0,400,5.000000e-02,6.875000e-02,76,45
1.527172e-01,1,1,1,0,50,5.000000e-02,7.500000e-02,76,40
5.956820e-01,1,0,0,0,50,5.000000e-02,5.000000e-02,76,40
1.862910e-01,1,1,1,0,50,2.000000e-01,2.500000e-01,76,35
2.316631e-01,1,0,0,0,50,5.000000e-02,5.625000e-02,76,45
2.535491e-01,0,1,0,0,50,5.000000e-02,1.000000e-01,76,55
2.754021e-01,1,1,1,0,50,2.000000e-01,2.250000e-01,76,50
2.984350e-01,0,1,0,0,50,2.000000e-01,4.000000e-01,76,45
2.821856e-01,0,1,0,0,400,2.000000e-01,2.250000e-01,76,55
1.900028e-01,1,1,1,0,400,2.000000e-01,4.000000e-01,76,45
3.200417e-01,0,1,0,0,50,2.000000e-01,2.000000e-01,76,55
2.851597e-01,1,1,1,0,400,5.000000e-02,7.500000e-02,76,55
2.982750e-01,1,1,1,0,400,2.000000e-01,2.250000e-01,76,35
3.966686e-01,1,0,0,0,50,2.000000e-01,2.250000e-01,76,45
2.990751e-01,1,1,1,0,400,5.000000e-02,7.500000e-02,76,40
2.738481e-01,0,1,0,0,50,2.000000e-01,2.250000e-01,76,45
3.004102e-01,0,1,0,0,50,5.000000e-02,5.625000e-02,76,45
2.626298e-01,1,1,1,0,400,2.000000e-01,4.000000e-01,76,55
1.775576e-01,1,1,1,0,400,2.000000e-01,2.750000e-01,76,35
1.740502e-01,1,1,1,0,50,2.000000e-01,2.250000e-01,76,45
2.341549e-01,0,1,0,0,50,2.000000e-01,4.000000e-01,76,55
2.007209e-01,1,0,0,0,400,5.000000e-02,5.000000e-02,76,40
2.114240e-01,0,1,0,0,400,2.000000e-01,2.500000e-01,76,55
2.450842e-01,0,1,0,0,400,5.000000e-02,6.250000e-02,76,40
2.114193e-01,0,1,0,0,50,5.000000e-02,6.875000e-02,76,45
1.782440e-01,1,1,1,0,400,5.000000e-02,1.000000e-01,76,45
1.575511e-01,1,1,1,0,400,2.000000e-01,2.750000e-01,76,40
2.718062e-01,0,1,0,0,50,2.000000e-01,3.000000e-01,76,35
2.222951e-01,0,1,0,0,50,2.000000e-01,3.000000e-01,76,40
1.514155e-01,1,0,0,0,400,5.000000e-02,5.000000e-02,76,50
2.795236e-01,0,1,0,0,400,2.000000e-01,3.000000e-01,76,45
2.465129e-01,0,1,0,0,50,5.000000e-02,7.500000e-02,76,40
2.552741e-01,1,0,0,0,50,5.000000e-02,5.000000e-02,76,35
1.610824e-01,0,1,0,0,400,5.000000e-02,1.000000e-01,76,55
1.416258e-01,1,1,1,0,400,2.000000e-01,2.250000e-01,76,45
1.037817e-01,0,1,0,0,400,5.000000e-02,6.250000e-02,76,35
1.359196e-01,1,1,1,0,50,2.000000e-01,2.000000e-01,76,55
2.339586e-01,1,1,1,0,400,5.000000e-02,1.000000e-01,76,50
2.028081e-01,0,1,0,0,50,2.000000e-01,2.000000e-01,76,55
1.374244e-01,1,1,1,0,50,2.000000e-01,4.000000e-01,76,55
3.908790e-01,1,1,1,0,400,2.000000e-01,2.250000e-01,76,40
2.803652e-01,0,1,0,0,400,5.000000e-02,7.500000e-02,76,35
2.118931e-01,1,1,1,0,50,2.000000e-01,4.000000e-01,76,45
2.359843e-01,0,1,0,0,50,2.000000e-01,3.000000e-01,76,35
1.753789e-01,1,1,1,0,50,2.000000e-01,3.000000e-01,76,50
2.286189e-01,1,1,1,0,50,5.000000e-02,6.250000e-02,76,55
2.679208e-01,1,1,1,0,50,5.000000e-02,6.250000e-02,76,35
5.992061e-01,0,1,0,0,400,5.000000e-02,5.000000e-02,76,35
2.376589e-01,1,0,0,0,50,5.000000e-02,5.625000e-02,76,50
3.157316e-01,0,1,0,0,50,5.000000e-02,6.875000e-02,76,45
3.148884e-01,0,1,0,0,400,2.000000e-01,2.500000e-01,76,50
2.980852e-01,1,0,0,0,400,5.000000e-02,5.000000e-02,76,50
3.860605e-01,1,1,1,0,50,5.000000e-02,5.000000e-02,76,45
4.023980e-01,1,1,1,0,400,5.000000e-02,6.250000e-02,76,50
2.959590e-01,0,0,1,0,400,2.000000e-01,2.250000e-01,76,55
3.245365e-01,0,1,0,0,400,2.000000e-01,4.000000e-01,76,55
2.840902e-01,0,1,0,0,50,2.000000e-01,4.000000e-01,76,50
3.020839e-01,1,0,0,0,400,5.000000e-02,5.625000e-02,76,55
2.875664e-01,1,1,1,0,400,5.000000e-02,7.500000e-02,76,35
2.984829e-01,0,1,0,0,50,5.000000e-02,7.500000e-02,76,40
3.344788e-01,0,1,0,0,400,5.000000e-02,6.250000e-02,76,40
2.752131e-01,1,1,1,0,400,2.000000e-01,3.000000e-01,76,45
2.492754e-01,0,1,0,0,400,2.000000e-01,2.750000e-01,76,40
2.629453e-01,0,1,0,0,400,2.000000e-01,2.500000e-01,76,50
1.880217e-01,1,1,1,0,50,2.000000e-01,2.250000e-01,76,45
2.164798e-01,1,1,1,0,400,2.000000e-01,4.000000e-01,76,40
3.830624e-01,1,1,1,0,400,5.000000e-02,5.000000e-02,76,40
2.655876e-01,0,1,0,0,50,5.000000e-02,5.625000e-02,76,55
1.792408e-01,1,1,1,0,50,5.000000e-02,7.500000e-02,76,35
6.564782e-01,0,0,1,0,50,2.000000e-01,2.250000e-01,76,45
1.456985e-01,1,1,1,0,50,5.000000e-02,1.000000e-01,76,40
6.159413e-01,0,1,0,0,50,2.000000e-01,2.250000e-01,76,55
2.941138e-01,0,1,0,0,50,5.000000e-02,1.000000e-01,76,40
2.159765e-01,1,1,1,0,400,2.000000e-01,2.250000e-01,76,40
2.422110e-01,1,1,1,0,400,2.000000e-01,2.000000e-01,76,50
2.662287e-01,0,1,0,0,400,5.000000e-02,1.000000e-01,76,55
3.064021e-01,0,1,0,0,400,5.000000e-02,7.500000e-02,76,35
2.728748e-01,1,1,1,0,50,2.000000e-01,3.000000e-01,76,40
2.432698e-01,0,1,0,0,400,2.000000e-01,2.250000e-01,76,50
1.811215e-01,1,1,1,0,400,2.000000e-01,2.500000e-01,76,50
2.193552e-01,1,1,1,0,400,2.000000e-01,2.000000e-01,76,45
3.514620e-01,0,0,1,0,50,2.000000e-01,2.000000e-01,76,45
2.299608e-01,0,1,0,0,50,2.000000e-01,2.750000e-01,76,55
3.260178e-01,0,1,0,0,50,2.000000e-01,2.500000e-01,76,35
2.871597e-01,0,1,0,0,400,5.000000e-02,6.875000e-02,76,40
2.594905e-01,0,0,1,0,400,2.000000e-01,2.000000e-01,76,50
2.950473e-01,0,1,0,0,50,5.000000e-02,6.250000e-02,76,50
2.748586e-01,1,1,1,0,50,5.000000e-02,1.000000e-01,76,50
4.046695e-01,1,0,0,0,50,5.000000e-02,5.000000e-02,76,35
2.953975e-01,0,1,0,0,400,5.000000e-02,5.625000e-02,76,55
3.143996e-01,1,1,1,0,400,2.000000e-01,2.250000e-01,76,35
1.903916e-01,1,1,1,0,400,2.000000e-01,2.250000e-01,76,50
3.258087e-01,1,0,0,0,50,2.000000e-01,2.250000e-01,76,45
2.483547e-01,1,1,1,0,400,5.000000e-02,5.000000e-02,76,45
2.209203e-01,0,1,0,0,50,2.000000e-01,2.250000e-01,76,55
1.991827e-01,1,1,1,0,50,2.000000e-01,3.000000e-01,76,35
2.760423e-01,1,0,0,0,50,5.000000e-02,6.875000e-02,76,35
2.110755e-01,1,1,1,0,50,2.000000e-01,2.750000e-01,76,55
2.512048e-01,1,0,0,0,50,2.000000e-01,2.000000e-01,76,40
2.585241e-01,1,1,1,0,400,5.000000e-02,1.000000e-01,76,35
2.973535e-01,0,1,0,0,400,2.000000e-01,2.500000e-01,76,40
5.132227e-01,1,1,1,0,50,2.000000e-01,2.500000e-01,76,40
4.014059e-01,0,1,0,0,50,2.000000e-01,2.500000e-01,76,40
2.510244e-01,0,1,0,0,400,2.000000e-01,2.250000e-01,76,35
1.988393e-01,0,1,0,0,400,5.000000e-02,7.500000e-02,76,40
2.717557e-01,1,0,0,0,400,5.000000e-02,5.625000e-02,76,50
2.159342e-01,0,1,0,0,400,5.000000e-02,1.000000e-01,76,40
1.795525e-01,0,1,0,0,50,2.000000e-01,2.500000e-01,76,35
3.519337e-01,0,0,1,0,400,5.000000e-02,5.000000e-02,76,45
2.583531e-01,1,1,1,0,400,2.000000e-01,2.750000e-01,76,40
2.892393e-01,0,1,0,0,400,2.000000e-01,2.500000e-01,76,35
2.995934e-01,1,1,1,0,400,5.000000e-02,6.875000e-02,76,45
3.371566e-01,1,1,1,0,50,2.000000e-01,2.000000e-01,76,50
2.954236e-01,0,1,0,0,400,2.000000e-01,2.500000e-01,76,45
4.253367e-01,0,1,0,0,50,5.000000e-02,5.000000e-02,76,45
4.155543e-01,0,1,0,0,400,5.000000e-02,5.000000e-02,76,40
2.203349e-01,1,1,1,0,400,2.000000e-01,3.000000e-01,76,35
2.278936e-01,0,0,1,0,50,2.000000e-01,2.000000e-01,76,40
2.728167e-01,0,1,0,0,400,5.000000e-02,7.500000e-02,76,50
4.114525e-01,0,1,0,0,50,2.000000e-01,3.000000e-01,76,40
2.813179e-01,0,1,0,0,400,2.000000e-01,2.500000e-01,76,50
1.434424e-01,1,1,1,0,50,2.000000e-01,4.000000e-01,76,35
2.243734e-01,1,1,1,0,50,2.000000e-01,3.000000e-01,76,55
2.257704e-01,1,1,1,0,50,2.000000e-01,2.750000e-01,76,45
3.056841e-01,1,1,1,0,50,5.000000e-02,6.250000e-02,76,35
2.813555e-01,1,1,1,0,400,5.000000e-02,1.000000e-01,76,40
2.688226e-01,1,1,1,0,400,2.000000e-01,2.500000e-01,76,55
3.068276e-01,1,1,1,0,50,5.000000e-02,5.000000e-02,76,45
2.971187e-01,0,1,0,0,400,2.000000e-01,2.250000e-01,76,50
3.828032e-01,0,1,0,0,400,5.000000e-02,5.625000e-02,76,50
2.577967e-01,1,1,1,0,400,5.000000e-02,5.000000e-02,76,40
3.498550e-01,0,1,0,0,50,2.000000e-01,2.000000e-01,76,45
3.130183e-01,0,1,0,0,400,2.000000e-01,2.500000e-01,76,40
2.357769e-01,1,1,1,0,50,2.000000e-01,2.250000e-01,76,35
2.828099e-01,0,1,0,0,50,2.000000e-01,2.500000e-01,76,35
2.759328e-01,0,1,0,0,400,2.000000e-01,2.750000e-01,76,45
2.476803e-01,1,1,1,0,50,2.000000e-01,3.000000e-01,76,35
2.470282e-01,0,1,0,0,50,2.000000e-01,2.750000e-01,76,50
2.293090e-01,1,1,1,0,50,2.000000e-01,2.750000e-01,76,50
2.329430e-01,0,1,0,0,50,5.000000e-02,1.000000e-01,76,35
5.081805e-01,1,1,1,0,50,5.000000e-02,7.500000e-02,76,45
2.431060e-01,1,1,1,0,400,2.000000e-01,4.000000e-01,76,45
2.747115e-01,0,1,0,0,50,5.000000e-02,7.500000e-02,76,45
2.337089e-01,1,0,0,0,50,2.000000e-01,2.000000e-01,76,50
2.446703e-01,1,0,0,0,400,5.000000e-02,5.000000e-02,76,40
1.909098e-01,0,1,0,0,400,5.000000e-02,6.875000e-02,76,45
2.684498e-01,1,0,0,0,50,5.000000e-02,5.000000e-02,76,55
4.081136e-01,0,0,1,0,50,5.000000e-02,5.000000e-02,76,50
2.558506e-01,0,1,0,0,50,5.000000e-02,6.875000e-02,76,35
2.072580e-01,1,1,1,0,400,2.000000e-01,3.000000e-01,76,40
3.206724e-01,0,1,0,0,50,5.000000e-02,1.000000e-01,76,45
3.512358e-01,0,1,0,0,400,2.000000e-01,3.000000e-01,76,55
2.478159e-01,1,1,1,0,50,5.000000e-02,6.875000e-02,76,40
2.750746e-01,1,1,1,0,50,5.000000e-02,6.250000e-02,76,50
3.195606e-01,1,1,1,0,50,5.000000e-02,6.875000e-02,76,50
4.748089e-01,1,0,0,0,400,5.000000e-02,6.875000e-02,76,50
2.893205e-01,0,1,0,0,400,2.000000e-01,3.000000e-01,76,55
2.359621e-01,1,1,1,0,50,2.000000e-01,2.000000e-01,76,55
2.173945e-01,1,1,1,0,400,2.000000e-01,2.750000e-01,76,45
2.711784e-01,1,1,1,0,400,2.000000e-01,2.000000e-01,76,55
3.055494e-01,0,0,1,0,400,5.000000e-02,5.625000e-02,76,45
3.256859e-01,0,1,0,0,400,5.000000e-02,7.500000e-02,76,55
1.768807e-01,1,1,1,0,50,2.000000e-01,2.250000e-01,76,35
2.335494e-01,1,1,1,0,50,5.000000e-02,7.500000e-02,76,50
2.200672e-01,1,1,1,0,400,2.000000e-01,2.500000e-01,76,40
2.801509e-01,1,1,1,0,400,2.000000e-01,2.500000e-01,76,40
2.735856e-01,1,1,1,0,50,2.000000e-01,2.500000e-01,76,50
2.621102e-01,0,1,0,0,400,2.000000e-01,2.250000e-01,76,45
2.877644e-01,0,1,0,0,50,5.000000e-02,1.000000e-01,76,55
2.202814e-01,1,1,1,0,400,2.000000e-01,4.000000e-01,76,35
2.302019e-01,0,1,0,0,400,5.000000e-02,1.000000e-01,76,45
2.993882e-01,0,1,0,0,50,2.000000e-01,2.750000e-01,76,35
2.583663e-01,0,1,0,0,50,2.000000e-01,3.000000e-01,76,45
1.510435e-01,1,1,1,0,50,2.000000e-01,4.000000e-01,76,40
2.284705e-01,1,1,1,0,50,5.000000e-02,6.875000e-02,76,55
2.262293e-01,0,1,0,0,50,5.000000e-02,7.500000e-02,76,45
1.619013e-01,1,1,1,0,400,2.000000e-01,4.000000e-01,76,45
2.560084e-01,0,1,0,0,50,5.000000e-02,6.875000e-02,76,40
2.403324e-01,1,1,1,0,400,5.000000e-02,6.875000e-02,76,50
2.457902e-01,1,1,1,0,400,2.000000e-01,3.000000e-01,76,35
1.559475e-01,0,1,0,0,400,2.000000e-01,2.250000e-01,76,55
1.259152e-01,0,1,0,0,50,2.000000e-01,2.750000e-01,76,40
3.250924e-01,0,1,0,0,50,5.000000e-02,5.625000e-02,76,40
4.956942e-01,0,1,0,0,400,5.000000e-02,7.500000e-02,76,40
4.999572e-01,1,1,1,0,50,2.000000e-01,2.750000e-01,76,55
2.673482e-01,1,1,1,0,50,5.000000e-02,5.625000e-02,76,45
1.972725e-01,1,1,1,0,400,5.000000e-02,7.500000e-02,76,55
2.198076e-01,0,1,0,0,50,5.000000e-02,6.875000e-02,76,40
3.147442e-01,0,1,0,0,50,5.000000e-02,6.250000e-02,76,35
2.740893e-01,1,0,0,0,400,5.000000e-02,7.500000e-02,76,50
2.689351e-01,1,1,1,0,50,5.000000e-02,7.500000e-02,76,35
2.381477e-01,1,1,1,0,50,2.000000e-01,3.000000e-01,76,45
2.371124e-01,1,1,1,0,400,2.000000e-01,2.500000e-01,76,35
2.733397e-01,0,1,0,0,400,2.000000e-01,2.500000e-01,76,55
2.319347e-01,1,1,1,0,50,2.000000e-01,2.250000e-01,76,45
3.120412e-01,1,1,1,0,50,2.000000e-01,2.250000e-01,76,45
2.592900e-01,1,1,1,0,400,2.000000e-01,2.750000e-01,76,55
3.253006e-01,0,1,0,0,50,5.000000e-02,6.250000e-02,76,35
2.569385e-01,0,1,0,0,50,2.000000e-01,3.000000e-01,76,40
3.539547e-01,0,0,1,0,400,5.000000e-02,5.000000e-02,76,40
3.228627e-01,1,1,1,0,400,5.000000e-02,5.625000e-02,76,50
3.083936e-01,1,0,0,0,50,5.000000e-02,7.500000e-02,76,50
2.913872e-01,1,1,1,0,50,2.000000e-01,2.250000e-01,76,40
3.832946e-01,0,1,0,0,50,5.000000e-02,1.000000e-01,76,35
3.377600e-01,0,1,0,0,50,2.000000e-01,3.000000e-01,76,45
1.945092e-01,1,1,1,0,50,5.000000e-02,1.000000e-01,76,40
2.734196e-01,0,0,1,0,400,2.000000e-01,2.000000e-01,76,35
3.508351e-01,1,1,1,0,400,5.000000e-02,6.875000e-02,76,45
3.785389e-01,0,1,0,0,50,2.000000e-01,2.000000e-01,76,35
2.824674e-01,1,0,0,0,50,2.000000e-01,2.000000e-01,76,50
3.764949e-01,0,1,0,0,400,5.000000e-02,7.500000e-02,76,50
4.046918e-01,0,1,0,0,400,5.000000e-02,6.875000e-02,76,45
3.310929e-01,1,1,1,0,400,5.000000e-02,6.875000e-02,76,55
3.079852e-01,1,1,1,0,400,5.000000e-02,1.000000e-01,76,50
3.445430e-01,0,1,0,0,50,2.000000e-01,2.000000e-01,76,40
3.583891e-01,1,0,0,0,400,5.000000e-02,5.000000e-02,76,45
3.071663e-01,0,1,0,0,400,2.000000e-01,4.000000e-01,76,40
2.461871e-01,1,1,1,0,400,2.000000e-01,4.000000e-01,76,45
3.345797e-01,0,1,0,0,50,2.000000e-01,2.000000e-01,76,40
2.424415e-01,1,1,1,0,400,2.000000e-01,4.000000e-01,76,45
3.652692e-01,0,1,0,0,50,5.000000e-02,6.875000e-02,76,55
3.292057e-01,1,1,1,0,400,5.000000e-02,5.625000e-02,76,50
3.465618e-01,0,0,1,0,400,2.000000e-01,2.000000e-01,76,40
3.727968e-01,1,1,1,0,50,5.000000e-02,6.250000e-02,76,55
3.367132e-01,1,1,1,0,50,5.000000e-02,5.000000e-02,76,50
3.318947e-01,1,1,1,0,400,5.000000e-02,1.000000e-01,76,50
3.331258e-01,1,1,1,0,400,2.000000e-01,2.500000e-01,76,45
3.201794e-01,0,1,0,0,400,2.000000e-01,2.000000e-01,76,35
3.453410e-01,0,1,0,0,50,2.000000e-01,2.000000e-01,76,50
2.662907e-01,1,1,1,0,400,2.000000e-01,2.500000e-01,76,45
7.668132e-01,0,0,1,0,400,2.000000e-01,2.000000e-01,76,45
3.088793e-01,1,0,0,0,400,5.000000e-02,5.000000e-02,76,40
2.518031e-01,0,1,0,0,50,2.000000e-01,4.000000e-01,76,55
4.228441e-01,0,1,0,0,400,5.000000e-02,5.625000e-02,76,45
6.105074e-01,0,1,0,0,400,2.000000e-01,2.000000e-01,76,55
1.048931e-01,1,1,1,0,400,2.000000e-01,2.250000e-01,76,35
6.362039e-01,1,0,0,0,400,5.000000e-02,5.000000e-02,76,50
2.447558e-01,1,1,1,0,400,2.000000e-01,2.750000e-01,76,55
1.907367e-01,0,1,0,0,50,2.000000e-01,2.250000e-01,76,40
5.204094e-01,0,0,1,0,50,5.000000e-02,6.250000e-02,76,45
2.807774e-01,1,0,0,0,400,5.000000e-02,5.625000e-02,76,55
2.647666e-01,1,1,1,0,50,2.000000e-01,2.500000e-01,76,35
4.752455e-01,0,0,1,0,400,5.000000e-02,5.625000e-02,76,55
2.247026e-01,0,1,0,0,50,2.000000e-01,4.000000e-01,76,50
3.864813e-01,0,1,0,0,50,2.000000e-01,2.750000e-01,76,35
2.254698e-01,0,1,0,0,50,2.000000e-01,3.000000e-01,76,55
3.160186e-01,1,1,1,0,400,5.000000e-02,6.250000e-02,76,45
3.056307e-01,0,1,0,0,50,5.000000e-02,7.500000e-02,76,40
2.743660e-01,0,1,0,0,50,5.000000e-02,5.625000e-02,76,55
2.966877e-01,0,1,0,0,50,2.000000e-01,2.250000e-01,76,40
3.333285e-01,0,1,0,0,50,5.000000e-02,1.000000e-01,76,40
3.333653e-01,0,0,1,0,50,2.000000e-01,2.250000e-01,76,35
3.226994e-01,1,1,1,0,50,5.000000e-02,7.500000e-02,76,40
2.574422e-01,0,1,0,0,400,2.000000e-01,2.750000e-01,76,40
2.241326e-01,0,1,0,0,400,2.000000e-01,4.000000e-01,76,55
2.416200e-01,1,1,1,0,50,2.000000e-01,2.500000e-01,76,40
2.555046e-01,1,1,1,0,400,2.000000e-01,2.500000e-01,76,50
2.383948e-01,1,1,1,0,50,2.000000e-01,2.500000e-01,76,50
3.252130e-01,0,1,0,0,50,2.000000e-01,4.000000e-01,76,55
2.681697e-01,0,1,0,0,400,2.000000e-01,2.250000e-01,76,40
3.574954e-01,1,0,0,0,50,2.000000e-01,2.000000e-01,76,55
3.430100e-01,1,1,1,0,400,5.000000e-02,1.000000e-01,76,40
3.077466e-01,0,1,0,0,50,2.000000e-01,2.250000e-01,76,45
3.881563e-01,1,1,1,0,50,5.000000e-02,1.000000e-01,76,40
2.890238e-01,0,1,0,0,50,2.000000e-01,2.500000e-01,76,45
3.112608e-01,1,1,1,0,50,2.000000e-01,4.000000e-01,76,55
2.441849e-01,0,1,0,0,400,2.000000e-01,4.000000e-01,76,45
2.713187e-01,1,1,1,0,400,5.000000e-02,5.625000e-02,76,50
3.682656e-01,1,1,1,0,400,5.000000e-02,5.000000e-02,76,45
2.413074e-01,0,1,0,0,400,2.000000e-01,3.000000e-01,76,50
3.426944e-01,0,0,1,0,400,5.000000e-02,5.000000e-02,76,35
2.641217e-01,0,1,0,0,400,2.000000e-01,2.500000e-01,76,50
3.013993e-01,0,1,0,0,50,5.000000e-02,5.000000e-02,76,40
2.982763e-01,0,1,0,0,50,2.000000e-01,2.250000e-01,76,50
2.445813e-01,0,1,0,0,50,2.000000e-01,2.500000e-01,76,55
3.078629e-01,0,1,0,0,50,2.000000e-01,3.000000e-01,76,50
3.059860e-01,0,1,0,0,50,5.000000e-02,6.250000e-02,76,50
3.096512e-01,1,1,1,0,400,5.000000e-02,6.875000e-02,76,50
2.858777e-01,1,1,1,0,50,2.000000e-01,2.250000e-01,76,50
2.610625e-01,1,1,1,0,50,2.000000e-01,2.750000e-01,76,45
5.945655e-01,0,1,0,0,50,5.000000e-02,6.250000e-02,76,50
4.708435e-01,1,1,1,0,50,5.000000e-02,7.500000e-02,76,55
2.948168e-01,1,1,1,0,50,2.000000e-01,2.500000e-01,76,50
3.125001e-01,0,1,0,0,400,5.000000e-02,6.875000e-02,76,35
3.422330e-01,0,1,0,0,50,5.000000e-02,1.000000e-01,76,35
2.782129e-01,1,1,1,0,50,5.000000e-02,1.000000e-01,76,40
2.279894e-01,1,1,1,0,50,5.000000e-02,1.000000e-01,76,35
2.176314e-01,1,1,1,0,400,5.000000e-02,6.250000e-02,76,55
2.891012e-01,1,1,1,0,400,5.000000e-02,5.625000e-02,76,50
2.545985e-01,1,0,0,0,50,5.000000e-02,5.625000e-02,76,50
2.702428e-01,1,1,1,0,50,2.000000e-01,3.000000e-01,76,35
1.822307e-01,1,1,1,0,50,5.000000e-02,6.875000e-02,76,35
2.553216e-01,1,1,1,0,50,2.000000e-01,3.000000e-01,76,50
2.670613e-01,1,0,0,0,400,5.000000e-02,6.250000e-02,76,45
3.155905e-01,1,1,1,0,50,2.000000e-01,2.250000e-01,76,45
5.569574e-01,1,1,1,0,400,5.000000e-02,6.875000e-02,76,35
3.856127e-01,1,1,1,0,50,5.000000e-02,5.000000e-02,76,45
3.130816e-01,0,1,0,0,50,5.000000e-02,6.250000e-02,76,45
5.496954e-01,0,0,1,0,400,5.000000e-02,7.500000e-02,76,45
3.639598e-01,0,1,0,0,400,2.000000e-01,2.500000e-01,76,55
3.815798e-01,1,1,1,0,400,2.000000e-01,4.000000e-01,76,55
7.545314e-01,0,1,0,0,50,5.000000e-02,6.250000e-02,76,40
2.833243e-01,1,1,1,0,400,5.000000e-02,7.500000e-02,76,55
5.912924e-01,1,0,0,0,400,2.000000e-01,2.000000e-01,76,45
3.174986e-01,0,1,0,0,50,2.000000e-01,3.000000e-01,76,35
2.684352e-01,1,1,1,0,50,2.000000e-01,4.000000e-01,76,50
2.468046e-01,1,1,1,0,50,2.000000e-01,4.000000e-01,76,40
2.820825e-01,1,1,1,0,50,2.000000e-01,3.000000e-01,76,45
4.090796e-01,0,1,0,0,400,2.000000e-01,2.250000e-01,76,50
2.644360e-01,0,1,0,0,50,5.000000e-02,6.875000e-02,76,45
5.785944e-01,0,0,1,0,400,5.000000e-02,5.000000e-02,76,40
3.510883e-01,0,0,1,0,400,2.000000e-01,2.000000e-01,76,40
3.004572e-01,0,0,1,0,50,2.000000e-01,2.000000e-01,76,45
6.561147e-01,1,1,1,0,400,2.000000e-01,2.000000e-01,76,40
2.534648e-01,1,1,1,0,400,5.000000e-02,1.000000e-01,76,35
3.469121e-01,0,1,0,0,50,2.000000e-01,2.750000e-01,76,50
3.545003e-01,0,1,0,0,400,2.000000e-01,2.750000e-01,76,35
3.358442e-01,0,1,0,0,50,2.000000e-01,2.500000e-01,76,55
3.494222e-01,0,1,0,0,50,5.000000e-02,7.500000e-02,76,50
4.327240e-01,1,1,1,0,50,2.000000e-01,4.000000e-01,76,50
2.823938e-01,0,1,0,0,50,2.000000e-01,2.750000e-01,76,35
2.741402e-01,0,1,0,0,50,2.000000e-01,2.500000e-01,76,45
